-- MySQL dump 10.13  Distrib 5.5.25a, for Win32 (x86)
--
-- Host: localhost    Database: starDB
-- ------------------------------------------------------
-- Server version	5.5.25a

/*!40101 SET @OLD_CHARACTER_SET_CLIENT=@@CHARACTER_SET_CLIENT */;
/*!40101 SET @OLD_CHARACTER_SET_RESULTS=@@CHARACTER_SET_RESULTS */;
/*!40101 SET @OLD_COLLATION_CONNECTION=@@COLLATION_CONNECTION */;
/*!40101 SET NAMES utf8 */;
/*!40103 SET @OLD_TIME_ZONE=@@TIME_ZONE */;
/*!40103 SET TIME_ZONE='+00:00' */;
/*!40014 SET @OLD_UNIQUE_CHECKS=@@UNIQUE_CHECKS, UNIQUE_CHECKS=0 */;
/*!40014 SET @OLD_FOREIGN_KEY_CHECKS=@@FOREIGN_KEY_CHECKS, FOREIGN_KEY_CHECKS=0 */;
/*!40101 SET @OLD_SQL_MODE=@@SQL_MODE, SQL_MODE='NO_AUTO_VALUE_ON_ZERO' */;
/*!40111 SET @OLD_SQL_NOTES=@@SQL_NOTES, SQL_NOTES=0 */;

--
-- Table structure for table `별`
--

DROP TABLE IF EXISTS `별`;
/*!40101 SET @saved_cs_client     = @@character_set_client */;
/*!40101 SET character_set_client = utf8 */;
CREATE TABLE `별` (
  `이름` char(64) DEFAULT NULL,
  `타입` char(64) DEFAULT NULL,
  `별자리` char(64) DEFAULT NULL,
  `적경_시` double DEFAULT NULL,
  `적경_분` double DEFAULT NULL,
  `적경_초` double DEFAULT NULL,
  `적위_도` double DEFAULT NULL,
  `적위_분` double DEFAULT NULL,
  `적위_초` double DEFAULT NULL,
  `실시등급` char(64) DEFAULT NULL,
  `최소실시등급` double DEFAULT NULL,
  `최대실시등급` double DEFAULT NULL,
  `절대등급` char(64) DEFAULT NULL,
  `최소절대등급` double DEFAULT NULL,
  `최대절대등급` double DEFAULT NULL,
  `형태` char(64) DEFAULT NULL,
  `연주시차` char(64) DEFAULT NULL,
  `최소연주시차` double DEFAULT NULL,
  `최대연주시차` double DEFAULT NULL,
  `거리` char(64) DEFAULT NULL,
  `최소거리` double DEFAULT NULL,
  `최대거리` double DEFAULT NULL,
  `질량` char(64) DEFAULT NULL,
  `최소질량` double DEFAULT NULL,
  `최대질량` double DEFAULT NULL,
  `크기` char(64) DEFAULT NULL,
  `최소크기` double DEFAULT NULL,
  `최대크기` double DEFAULT NULL,
  `밝기` char(64) DEFAULT NULL,
  `최소밝기` double DEFAULT NULL,
  `최대밝기` double DEFAULT NULL,
  `온도` char(64) DEFAULT NULL,
  `최소온도` double DEFAULT NULL,
  `최대온도` double DEFAULT NULL,
  `행성수` int(11) DEFAULT NULL,
  `동반성수` int(11) DEFAULT NULL
) ENGINE=InnoDB DEFAULT CHARSET=euckr COMMENT='사실 항성과 행성들임.';
/*!40101 SET character_set_client = @saved_cs_client */;

--
-- Dumping data for table `별`
--

LOCK TABLES `별` WRITE;
/*!40000 ALTER TABLE `별` DISABLE KEYS */;
INSERT INTO `별` VALUES ('2M1207','star','센타우루스자리',12,7,33.47,-39,32,54,'20.15',20.15,20.15,'-12345',-12345,-12345,'M8 갈색 왜성','19.1± 0.4',18.7,19.5,'172',172,172,'0.025',0.025,0.025,'0.25',0.25,0.25,'0.002',0.002,0.002,'2,550±  150',2400,2700,1,-12345),('BPM 37093','star','센타우루스자리',12,38,49.93,-49,48,1.2,'14.0',14,14,'-12345',-12345,-12345,'DAV4.4 (백색 왜성)','-12345',-12345,-12345,'53',53,53,'1.10',1.1,1.1,'0.00145',0.0014,0.0014,'0.0006',0.0006,0.0006,'11,730±  350',11380,12080,-12345,-12345),('ADS 16402','star','도마뱀자리',22,57,47,38,40,30,'10.00',10,10,'-12345',-12345,-12345,'F8','-12345',-12345,-12345,'450',450,450,'-12345',-12345,-12345,'-12345',-12345,-12345,'-12345',-12345,-12345,'-12345',-12345,-12345,-12345,-12345),('4U 0142+61','star','카시오페이아자리',1,46,22.41,61,45,3.2,'25.62',25.62,25.62,'-12345',-12345,-12345,'','-12345',-12345,-12345,'-12345',-12345,-12345,'-12345',-12345,-12345,'-12345',-12345,-12345,'0.63',0.63,0.63,'-12345',-12345,-12345,-12345,-12345),('BD+20˚307','star','양자리',1,54,50.3443,21,18,22.477,'9.01',9.01,9.01,'-12345',-12345,-12345,'G0','10.88± 1.27',9.61,12.15,'300',300,300,'1',1,1,'1',1,1,'1',1,1,'5,900',5900,5900,2,1),('2MASS J09393548-2448279','star','공기펌프자리',9,39,35.49,-24,48,27.9,'-12345',-12345,-12345,'-12345',-12345,-12345,'T8 (T형 왜성)','-12345',-12345,-12345,'-12345',-12345,-12345,'30.0000~40.0000',30,40,'-12345',-12345,-12345,'0.000001',0,0,'565~635',565,635,-12345,-12345),('3C 58','star','카시오페이아자리',2,5,38,64,49.7,0,'-12345',-12345,-12345,'-12345',-12345,-12345,'F D','-12345',-12345,-12345,'10,000',10000,10000,'-12345',-12345,-12345,'-12345',-12345,-12345,'-12345',-12345,-12345,'-12345',-12345,-12345,-12345,-12345),('CFBDS J005910.90-011401.3','star','',0,59,10.9,-1,14,1,'-12345',-12345,-12345,'-12345',-12345,-12345,'T9~Y0 (T형 왜성~Y형 왜성)','-12345',-12345,-12345,'-12345',-12345,-12345,'-12345',-12345,-12345,'-12345',-12345,-12345,'-12345',-12345,-12345,'625',625,625,-12345,-12345),('BD-10º3166','star','컵자리',10,58,28.7798,-10,46,13.386,'10.08',10.08,10.08,'-12345',-12345,-12345,'K0 V','-12345',-12345,-12345,'260.8± 32.6',228.2,293.4,'-12345',-12345,-12345,'-12345',-12345,-12345,'-12345',-12345,-12345,'-12345',-12345,-12345,-12345,-12345),('AC+79 3888','star','기린자리',11,47,41.3771,78,41,28.178,'10.78',10.78,10.78,'-12345',-12345,-12345,'M3.5 V','185.52± 1.43',184.09,186.95,'17.6± 0.1',17.5,17.7,'0.30',0.3,0.3,'0.320',0.32,0.32,'-12345',-12345,-12345,'-12345',-12345,-12345,-12345,-12345),('2MASS J05325346+8246465','star','쌍둥이자리',5,32,53.46,82,46,46.5,'-12345',-12345,-12345,'-12345',-12345,-12345,'sdL8','-12345',-12345,-12345,'-12345',-12345,-12345,'0.1-0.01',0.1,0.1,'-12345',-12345,-12345,'0.08~0.09',0.08,0.09,'-12345',-12345,-12345,-12345,-12345),('CoKu Tau/4','star','황소자리',4,41,16.809,28,39,59.99,'14.9',14.9,14.9,'-12345',-12345,-12345,'','-12345',-12345,-12345,'420',420,420,'-12345',-12345,-12345,'-12345',-12345,-12345,'-12345',-12345,-12345,'-12345',-12345,-12345,-12345,-12345),('BD+14º4559','star','페가수스자리',21,13,35.9917,14,41,21.794,'9.63',9.63,9.63,'6.14',6.14,6.14,'K2 V','19.99± 1.61',18.38,21.6,'-12345',-12345,-12345,'0.86± 0.15',0.71,1.01,'-12345',-12345,-12345,'-12345',-12345,-12345,'5008± 20',4988,5028,-12345,-12345),('COROT-7','star','외뿔소자리',6,43,49,-1,3,46,'11.668',11.668,11.668,'5.78',5.78,5.78,'G9 V','-12345',-12345,-12345,'489± 65',424,554,'0.93± 0.03',0.9,0.96,'0.87± 0.04',0.83,0.91,'-12345',-12345,-12345,'5275± 75',5200,5350,-12345,-12345),('BD+20º1790','star','쌍둥이자리',7,23,43.592,20,24,58.66,'9.93',9.93,9.93,'7.86',7.86,7.86,'K5 Ve','-12345',-12345,-12345,'84.76',84.76,84.76,'0.63',0.63,0.63,'0.71',0.71,0.71,'0.17',0.17,0.17,'4410',4410,4410,-12345,-12345),('CFBDSIR 1458+10','star','목동자리',14,58,29,10,13,43,'-12345',-12345,-12345,'-12345',-12345,-12345,'T9.5','43',43,43,'75.4',75.4,75.4,'6.0000~15.0000',6,15,'-12345',-12345,-12345,'0.00000027',0,0,'370± 40',330,410,-12345,-12345),('HD 93129 A','star','용골자리',10,43,57.5,-59,32,51.3,'6.97',6.97,6.97,'-12345',-12345,-12345,'O3Iab','-12345',-12345,-12345,'-12345',-12345,-12345,'120',120,120,'-12345',-12345,-12345,'5,500,000',5500000,5500000,'51,000',51000,51000,-12345,-12345),('HD 28185','star','에리다누스자리',4,26,26.3205,-10,33,2.955,'7.81',7.81,7.81,'4.81',4.81,4.81,'G5V','25.28± 1.08',24.2,26.36,'129',129,129,'0.99± 0.07',0.92,1.06,'1.04',1.04,1.04,'1.02',1.02,1.02,'5705',5705,5705,-12345,-12345),('HD 13189','star','삼각형자리',2,9,40.1717,32,18,59.169,'7.57',7.57,7.57,'-12345',-12345,-12345,'K2II (거성)','-12345',-12345,-12345,'603',603,603,'-12345',-12345,-12345,'-12345',-12345,-12345,'-12345',-12345,-12345,'-12345',-12345,-12345,-12345,-12345),('DEN 1048-3956','star','공기펌프자리',10,48,14.64,-39,56,6.24,'11.41',11.41,11.41,'19.37',19.37,19.37,'M9V , L0','1.5388± 0.0031',1.5357,1.5419,'-12345',-12345,-12345,'0.06~0.09',0.06,0.09,'-12345',-12345,-12345,'0.00000356',0,0,'1,900',1900,1900,-12345,-12345),('HD 209458','star','페가수스자리',22,3,10.8,18,53,4,'7.65',7.65,7.65,'4.29',4.29,4.29,'G0V','21.24± 1.00',20.24,22.24,'153.5',153.5,153.5,'1.1',1.1,1.1,'1.2',1.2,1.2,'1.61',1.61,1.61,'6000',6000,6000,1,-12345),('HR 753 A','star','고래자리',2,36,4.9,6,53,12.7,'5.82',5.82,5.82,'6.49',6.49,6.49,'K3 V','136.98± 0.88',136.1,137.86,'-12345',-12345,-12345,'0.73',0.73,0.73,'0.79',0.79,0.79,'0.21',0.21,0.21,'4830',4830,4830,-12345,-12345),('HR 753 B','star','고래자리',2,36,15,6,52,18,'11.66',11.66,11.66,'12.34',12.34,12.34,'M3.5 Vn','136.98± 0.88',136.1,137.86,'-12345',-12345,-12345,'0.21',0.21,0.21,'0.28',0.28,0.28,'0.0015',0.0015,0.0015,'3250',3250,3250,-12345,-12345),('HR 753 C','star','고래자리',2,35,58.8,6,52,0,'16.9',16.9,16.9,'17.58',17.58,17.58,'M7 V','136.98± 0.88',136.1,137.86,'-12345',-12345,-12345,'0.09',0.09,0.09,'0.13',0.13,0.13,'0.000075',0.0001,0.0001,'2650',2650,2650,-12345,-12345),('HE 1523-0901','star','천칭자리',15,26,1.2,-9,11,38,'11.1',11.1,11.1,'-12345',-12345,-12345,'적색 거성','-12345',-12345,-12345,'7,500',7500,7500,'-12345',-12345,-12345,'-12345',-12345,-12345,'-12345',-12345,-12345,'-12345',-12345,-12345,-12345,-12345),('HD 40307','star','화가자리',5,54,4.2409,-60,1,24.498,'7.17',7.17,7.17,'-12345',-12345,-12345,'K2.5V 오렌지색 왜성','-12345',-12345,-12345,'41.8± 0.3',41.5,42.1,'-12345',-12345,-12345,'-12345',-12345,-12345,'-12345',-12345,-12345,'-12345',-12345,-12345,-12345,-12345),('HD 69830','star','고물자리',8,18,23.9473,-12,37,55.824,'5.95',5.95,5.95,'5.45',5.45,5.45,'K0V(오렌지색 왜성)','79.48± 0.73',78.75,80.21,'41',41,41,'0.86± 0.03',0.83,0.89,'0.89',0.89,0.89,'0.60± 0.03',0.57,0.63,'5385± 20',5365,5405,-12345,-12345),('HD 17156','star','카시오페이아자리',2,49,44.49,71,45,11.64,'8.17',8.17,8.17,'3.70',3.7,3.7,'G0 IV (황색 준거성)','-12345',-12345,-12345,'255.19',255.19,255.19,'1.2',1.2,1.2,'1.47',1.47,1.47,'-12345',-12345,-12345,'-12345',-12345,-12345,-12345,-12345),('HD 147506','star','허큘리스자리',16,20,36.36,41,2,53.1,'8.7',8.7,8.7,'3.04',3.04,3.04,'F8V (황백색 왜성)','7.39± 0.88',6.51,8.27,'440',440,440,'1.298± 0.1',1.198,1.398,'1.412± 0.04',1.372,1.452,'2.79',2.79,2.79,'6290± 110',6180,6400,-12345,-12345),('HD 149026','star','허큘리스자리',16,30,29.619,38,20,50.31,'8.15',8.15,8.15,'3.66',3.66,3.66,'G0IV (황색 준거성)','12.68± 0.79',11.89,13.47,'257',257,257,'1.31± 0.1',1.21,1.41,'1.45± 0.1',1.35,1.55,'2.72± 0.5',2.22,3.22,'6147± 50',6097,6197,-12345,-12345),('HAT-P-5','star','거문고자리',18,17,37.299,36,37,16.88,'11.95',11.95,11.95,'-12345',-12345,-12345,'G','-12345',-12345,-12345,'1,100',1100,1100,'1.16± 0.062',1.098,1.222,'1.167± 0.049',1.118,1.216,'-12345',-12345,-12345,'5960± 100',5860,6060,-12345,-12345),('GSC 02652-01324','star','거문고자리',19,4,9,36,37,57,'11.79',11.79,11.79,'5.81',5.81,5.81,'K0V 오렌지색 왜성','6.37',6.37,6.37,'512',512,512,'0.87',0.87,0.87,'0.85',0.85,0.85,'0.49',0.49,0.49,'5,250',5250,5250,-12345,-12345),('HD 189733','star','작은여우자리',20,0,43.7133,22,39,33.07,'7.67',7.67,7.67,'6.24',6.24,6.24,'K1-K2','51.94',51.94,51.94,'62.9',62.9,62.9,'0.8± 0.4',0.4,1.2,'0.788± 0.051',0.737,0.839,'0.788± 0.051',0.737,0.839,'4980± 200',4780,5180,-12345,-12345),('HAT-P-6','star','안드로메다자리',23,39,5.806,42,27,57.51,'10.54',10.54,10.54,'4.03',4.03,4.03,'','-12345',-12345,-12345,'650',650,650,'1.29± 0.06',1.23,1.35,'1.46± 0.06',1.4,1.52,'3.55',3.55,3.55,'6570± 80',6490,6650,-12345,-12345),('HD 142','star','봉황자리',0,6,19.1755,49,4,30.688,'5.7',5.7,5.7,'-12345',-12345,-12345,'G1IV','39.00',39,39,'67.18',67.18,67.18,'-12345',-12345,-12345,'-12345',-12345,-12345,'-12345',-12345,-12345,'-12345',-12345,-12345,-12345,-12345),('HD 2039','star','',0,24,20,-56,39,0,'9.01',9.01,9.01,'-12345',-12345,-12345,'G2','-12345',-12345,-12345,'292.9',292.9,292.9,'-12345',-12345,-12345,'-12345',-12345,-12345,'-12345',-12345,-12345,'-12345',-12345,-12345,-12345,-12345),('HD 2638','star','고래자리',0,29,59.87,-5,45,50.41,'9.8',9.8,9.8,'-12345',-12345,-12345,'G5V (황색 왜성)','-12345',-12345,-12345,'175.18',175.18,175.18,'-12345',-12345,-12345,'-12345',-12345,-12345,'-12345',-12345,-12345,'-12345',-12345,-12345,-12345,-12345),('HR 1614','star','에리다누스자리',5,0,49.0001,-5,45,13.231,'6.22',6.22,6.22,'6.49',6.49,6.49,'K3V','113.46± 0.82',112.64,114.28,'5.98± 0.003',5.977,5.983,'0.845',0.845,0.845,'0.81',0.81,0.81,'0.21',0.21,0.21,'4,614',4614,4614,-12345,-12345),('HD 211415 A','star','두루미자리',22,18,15,-53,37,31.9,'5.33',5.33,5.33,'4.66',4.66,4.66,'G2V','73.47± 0.70',72.77,74.17,'44.4± 0.4',44,44.8,'0.15~0.17',0.15,0.17,'0.96',0.96,0.96,'1.0',1,1,'5,925',5925,5925,-12345,-12345),('HD 211415 B','star','두루미자리',22,18,37.2,-53,37,31.9,'5.33',5.33,5.33,'4.66',4.66,4.66,'M V','73.47± 0.70',72.77,74.17,'44.4± 0.4',44,44.8,'0.15~0.17',0.15,0.17,'0.56',0.56,0.56,'0.5',0.5,0.5,'5,925',5925,5925,-12345,-12345),('HD 4113','star','조각가자리',0,43,13,-37,58,57,'7.88',7.88,7.88,'4.66',4.66,4.66,'G5V','-12345',-12345,-12345,'144',144,144,'-12345',-12345,-12345,'-12345',-12345,-12345,'-12345',-12345,-12345,'-12345',-12345,-12345,-12345,-12345),('HD 4208','star','조각가자리',0,44,26.65,-26,30,56.45,'7.79',7.79,7.79,'-12345',-12345,-12345,'G5V','-12345',-12345,-12345,'106.6',106.6,106.6,'-12345',-12345,-12345,'-12345',-12345,-12345,'-12345',-12345,-12345,'-12345',-12345,-12345,-12345,-12345),('HD 4308','star','큰부리새자리',0,44,39,-65,38,58,'6.54',6.54,6.54,'-12345',-12345,-12345,'G5V','-12345',-12345,-12345,'71.39',71.39,71.39,'-12345',-12345,-12345,'-12345',-12345,-12345,'-12345',-12345,-12345,'-12345',-12345,-12345,-12345,-12345),('HD 5319','star','고래자리',0,55,1.4,0,47,22.4,'8.05',8.05,8.05,'3.05',3.05,3.05,'K0III','-12345',-12345,-12345,'326',326,326,'-12345',-12345,-12345,'-12345',-12345,-12345,'-12345',-12345,-12345,'-12345',-12345,-12345,-12345,-12345),('HD 6434','star','봉황자리',1,4,40.15,-39,29,17.58,'7.72',7.72,7.72,'-12345',-12345,-12345,'G2V','-12345',-12345,-12345,'131.5',131.5,131.5,'-12345',-12345,-12345,'-12345',-12345,-12345,'-12345',-12345,-12345,'-12345',-12345,-12345,-12345,-12345),('HD 8574','star','물고기자리',1,25,12.5,28,34,0.1,'7.12',7.12,7.12,'3.90',3.9,3.9,'F8','-12345',-12345,-12345,'144',144,144,'-12345',-12345,-12345,'-12345',-12345,-12345,'-12345',-12345,-12345,'-12345',-12345,-12345,-12345,-12345),('HD 10647','star','에리다누스자리',1,42,29.32,-53,44,27,'5.52',5.52,5.52,'4.32',4.32,4.32,'F8 V','57.63± 0.64',56.99,58.27,'56.57',56.57,56.57,'1.07',1.07,1.07,'1.11',1.11,1.11,'1.51',1.51,1.51,'6200± 31',6169,6231,-12345,-12345),('HD 11506','star','고래자리',1,52,50.5339,-19,30,25.107,'7.537',7.537,7.537,'3.882',3.882,3.882,'G0V','18.58± 0.97',17.61,19.55,'176± 9',167,185,'1.19± 0.1',1.09,1.29,'1.38± 0.15',1.23,1.53,'2.29',2.29,2.29,'6058± 51',6007,6109,-12345,-12345),('HD 11964','star','고래자리',1,57,9.6064,-10,14,32.739,'6.42',6.42,6.42,'3.76',3.76,3.76,'G5IV','29.43± 0.91',28.52,30.34,'110.83',110.83,110.83,'1.125',1.125,1.125,'0.97',0.97,0.97,'2.7',2.7,2.7,'5,552',5552,5552,-12345,-12345),('HR 6806','star','허큘리스자리',18,9,37.4,38,27,28,'9.54',9.54,9.54,'6.17',6.17,6.17,'K2 V','90.11± 0.53',89.58,90.64,'5.98± 0.003',5.977,5.983,'-12345',-12345,-12345,'-12345',-12345,-12345,'-12345',-12345,-12345,'-12345',-12345,-12345,-12345,-12345),('HR 3384','star','나침반자리',8,32,51.497,-31,30,3.11,'6.38',6.38,6.38,'5.95',5.95,5.95,'K0','-12345',-12345,-12345,'39.70',39.7,39.7,'-12345',-12345,-12345,'0.837',0.837,0.837,'-12345',-12345,-12345,'-12345',-12345,-12345,-12345,-12345),('HD 10307 A','star','',1,41,47.1,42,36,48.1,'4.95',4.95,4.95,'4.30',4.3,4.3,'G1.5 V','79.09± 0.83',78.26,79.92,'-12345',-12345,-12345,'0.97',0.97,0.97,'1.20',1.2,1.2,'1.44',1.44,1.44,'5874',5874,5874,-12345,-12345),('HD 10307 B','star','',1,41,47.1,42,36,48.1,'12.5',12.5,12.5,'11.9',11.9,11.9,'M V','79.09± 0.83',78.26,79.92,'-12345',-12345,-12345,'0.29',0.29,0.29,'-12345',-12345,-12345,'0.0013',0.0013,0.0013,'-12345',-12345,-12345,-12345,-12345),('HR 6094 A','star','전갈자리',16,24,1.297,-39,11,34.98,'5.39',5.39,5.39,'4.84',4.84,4.84,'G3~G5V','-12345',-12345,-12345,'42',42,42,'0.92',0.92,0.92,'1.08',1.08,1.08,'1.01',1.01,1.01,'-12345',-12345,-12345,-12345,-12345),('HR 6094 B','star','전갈자리',16,24,1.297,-39,11,34.98,'11.00',11,11,'-12345',-12345,-12345,'DA2VII','-12345',-12345,-12345,'42',42,42,'0.65',0.65,0.65,'-12345',-12345,-12345,'0.006',0.006,0.006,'-12345',-12345,-12345,-12345,-12345),('HD 172051','star','궁수자리',18,38,53.49,-21,3,6.7,'5.866',5.866,5.866,'5.29',5.29,5.29,'G5 V','77.02± 0.85',76.17,77.87,'-12345',-12345,-12345,'1.0',1,1,'0.86',0.86,0.86,'0.65',0.65,0.65,'5,580',5580,5580,-12345,-12345),('HD 49933','star','외뿔소자리',6,50,49.8319,0,32,27.175,'5.78',5.78,5.78,'3.40',3.4,3.4,'F2V','33.45± 0.84',32.61,34.29,'97',97,97,'-12345',-12345,-12345,'-12345',-12345,-12345,'-12345',-12345,-12345,'-12345',-12345,-12345,-12345,-12345),('HE0437-5439','star','황새치자리',4,38,12.772,-54,33,11.86,'16.3',16.3,16.3,'-12345',-12345,-12345,'BV','-12345',-12345,-12345,'200,000',200000,200000,'8',8,8,'5',5,5,'10,000',10000,10000,'25,000',25000,25000,-12345,-12345),('HR 8799','star','페가수스자리',23,7,28.715,21,8,3.302,'5.964',5.964,5.964,'2.99',2.99,2.99,'A5V','25.38± 0.70',24.68,26.08,'-12345',-12345,-12345,'1.47± 0.3',1.17,1.77,'-12345',-12345,-12345,'-12345',-12345,-12345,'-12345',-12345,-12345,-12345,-12345),('HE0107-5240','star','봉황새자리',1,9,29.1,-52,24,20,'-12345',-12345,-12345,'-12345',-12345,-12345,'','-12345',-12345,-12345,'36,000',36000,36000,'0.8',0.8,0.8,'-12345',-12345,-12345,'-12345',-12345,-12345,'-12345',-12345,-12345,-12345,-12345),('HD 150136','star','제단자리',16,41,20.4149,-48,45,46.644,'5.65',5.65,5.65,'-12345',-12345,-12345,'O3 V','0.007',0.007,0.007,'4,300± 432',3868,4732,'64',64,64,'11',11,11,'1,400,000',1400000,1400000,'30000~60000',30000,60000,-12345,-12345),('HD 269810','star','황새치자리',5,35,13.9,-67,33,27.5,'-12345',-12345,-12345,'-12345',-12345,-12345,'B0','-12345',-12345,-12345,'170,000',170000,170000,'150',150,150,'18.5',18.5,18.5,'2,200,000',2200000,2200000,'-12345',-12345,-12345,-12345,-12345),('HD 93250','star','용골자리',10,44,45.0273,-59,33,54.685,'7.50',7.5,7.5,'-12345',-12345,-12345,'O3.5 V','0.29± 0.59',-0.3,0.88,'7500',7500,7500,'118',118,118,'18± 2',16,20,'-12345',-12345,-12345,'51,000± 2,500',48500,53500,-12345,-12345),('HD 16175','star','페르세우스자리',2,37,1.911,42,3,45.479,'7.28',7.28,7.28,'-12345',-12345,-12345,'G0','-12345',-12345,-12345,'195',195,195,'-12345',-12345,-12345,'-12345',-12345,-12345,'3.73',3.73,3.73,'6,000',6000,6000,-12345,-12345),('HD 37124','star','황소자리',5,37,2.4864,20,43,50.836,'7.68',7.68,7.68,'-12345',-12345,-12345,'G4 V','-12345',-12345,-12345,'107.63',107.63,107.63,'0.91',0.91,0.91,'0.82',0.82,0.82,'-12345',-12345,-12345,'5610± 70',5540,5680,-12345,-12345),('HR 465','star','안드로메다자리',1,38,31.8,45,23,59,'6.36',6.36,6.36,'0.64',0.64,0.64,'B9 VpCrEu','7.17',7.17,7.17,'455',455,455,'18',18,18,'7',7,7,'20,000',20000,20000,'10,000~30,000',10000,30000,-12345,-12345),('HD 224693','star','고래자리',23,59,53.8329,-22,25,41.208,'8.23',8.23,8.23,'3.36',3.36,3.36,'G2 IV','10.63',10.63,10.63,'307',307,307,'1.33± 0.1',1.23,1.43,'1.7± 0.3',1.4,2,'3.91',3.91,3.91,'6037± 44',5993,6081,-12345,-12345),('HD 98800','star','컵자리',11,22,5.2898,-24,46,39.76,'9.11',9.11,9.11,'-12345',-12345,-12345,'K5 Ve','21.43± 2.86',18.57,24.29,'150',150,150,'-12345',-12345,-12345,'-12345',-12345,-12345,'-12345',-12345,-12345,'-12345',-12345,-12345,-12345,-12345),('HE1327-2326','star','바다뱀자리',13,30,6,-23,41,54,'13.5',13.5,13.5,'3.05',3.05,3.05,'C형 (탄소 항성)','-12345',-12345,-12345,'4,000',4000,4000,'0.8',0.8,0.8,'0.8',0.8,0.8,'0.8',0.8,0.8,'2,800~4,500',2800,4500,-12345,-12345),('HD 104985','star','기린자리',12,5,15.1178,76,54,20.641,'5.80',5.8,5.8,'0.75',0.75,0.75,'G9 III','9.8± 0.52',9.28,10.32,'332.52± 17.604',314.916,350.124,'1.5',1.5,1.5,'10.87± 0.36',10.51,11.23,'61',61,61,'5410',5410,5410,-12345,-12345),('GRS 1915+105','star','독수리자리',19,15,11.6,10,56,44,'-12345',-12345,-12345,'-12345',-12345,-12345,'K III','-12345',-12345,-12345,'40,000',40000,40000,'-12345',-12345,-12345,'-12345',-12345,-12345,'-12345',-12345,-12345,'-12345',-12345,-12345,-12345,-12345),('HH 34','star','오리온자리',5,35,31,-6,28,36,'-12345',-12345,-12345,'-12345',-12345,-12345,'허빅-아로 천체','-12345',-12345,-12345,'1,500',1500,1500,'-12345',-12345,-12345,'-12345',-12345,-12345,'3.7',3.7,3.7,'-12345',-12345,-12345,-12345,-12345),('HD 172555','star','공작자리',18,45,26.9011,-64,52,16.533,'4.78',4.78,4.78,'-12345',-12345,-12345,'A7 V','34.21± 0.68',33.53,34.89,'95.34± 1.86',93.48,97.2,'2.0',2,2,'-12345',-12345,-12345,'9.5',9.5,9.5,'-12345',-12345,-12345,-12345,-12345),('HAT-P-13','star','큰곰자리',8,39,32,47,21,7,'10.62',10.62,10.62,'-12345',-12345,-12345,'G4 V','-12345',-12345,-12345,'697.9',697.9,697.9,'1.22',1.22,1.22,'1.56',1.56,1.56,'-12345',-12345,-12345,'5638',5638,5638,-12345,-12345),('HD 147018','star','남쪽삼각형자리',16,23,0.1463,-61,41,19.542,'8.4',8.4,8.4,'5.25',5.25,5.25,'G9 V','23.43± 0.95',22.48,24.38,'139± 6',133,145,'0.86~0.95',0.86,0.95,'-12345',-12345,-12345,'-12345',-12345,-12345,'5400',5400,5400,-12345,-12345),('HD 1461','star','고래자리',0,18,41.87,-8,3,10.8,'6.46',6.46,6.46,'4.61',4.61,4.61,'G0 V','42.67± 0.85',41.82,43.52,'-12345',-12345,-12345,'1.08± 0.04',1.04,1.12,'1.095± 0.026',1.069,1.121,'1.188',1.188,1.188,'5765± 18',5747,5783,-12345,-12345),('HD 9446','star','삼각형자리',1,33,20,29,15,55,'8.35',8.35,8.35,'-12345',-12345,-12345,'G5 V','-12345',-12345,-12345,'-12345',-12345,-12345,'1.0± 0.1',0.9,1.1,'1',1,1,'-12345',-12345,-12345,'-12345',-12345,-12345,-12345,-12345),('HIP 5158','star','고래자리',1,6,2.05,-22,27,11.3,'10.21',10.21,10.21,'6.95',6.95,6.95,'K5 V','24.28± 2.14',22.14,26.42,'130± 10',120,140,'0.69',0.69,0.69,'0.71± 0.12',0.59,0.83,'0.211± 0.05',0.161,0.261,'4650± 100',4550,4750,-12345,-12345),('HD 10180','star','물뱀자리',1,37,53.5763,60,30,41.499,'7.33',7.33,7.33,'-12345',-12345,-12345,'G1 V','25.39± 0.62',24.77,26.01,'-12345',-12345,-12345,'1.062± 0.017',1.045,1.079,'1.20± 0.318',0.882,1.518,'-12345',-12345,-12345,'5,911',5911,5911,-12345,-12345),('HD 154345','star','허큘리스자리',17,2,36.4,47,4,54.77,'6.74',6.74,6.74,'5.46',5.46,5.46,'G8 V','55.37± 0.55',54.82,55.92,'58.91± 0.59',58.32,59.5,'0.88',0.88,0.88,'-12345',-12345,-12345,'0.568',0.568,0.568,'5468± 44',5424,5512,-12345,-12345),('HD 268743','star','황새치자리',4,57,44.2,-66,27,40.42,'11.69',11.69,11.69,'-7.3',-7.3,-7.3,'O3V~O5V','-12345',-12345,-12345,'165,000',165000,165000,'100',100,100,'-12345',-12345,-12345,'2,360,000',2360000,2360000,'56,000',56000,56000,-12345,-12345),('LBV 1806-20','star','궁수자리',18,8,40.3,-20,24,41,'8.4~8.6',8.4,8.6,'-14.22~-12.0',-14.22,-12,'밝은 청색변광성','-12345',-12345,-12345,'30,000~49,000',30000,49000,'150',150,150,'150',150,150,'2000000',2000000,2000000,'18,000~36,000',18000,36000,-12345,-12345),('OTS 44','star','카멜레온자리',11,10,11.5,-76,32,13,'14.61',14.61,14.61,'-12345',-12345,-12345,'M9.5 V','-12345',-12345,-12345,'554',554,554,'0.0143',0.0143,0.0143,'0.258',0.258,0.258,'-12345',-12345,-12345,'2,300',2300,2300,-12345,-12345),('Oph1622 A','star','뱀주인자리',16,22,25,-20,5,15,'-12345',-12345,-12345,'-12345',-12345,-12345,'갈색 왜성','-12345',-12345,-12345,'400',400,400,'12.0000~21.0000',12,21,'-12345',-12345,-12345,'-12345',-12345,-12345,'-12345',-12345,-12345,-12345,-12345),('Oph1622 B','star','뱀주인자리',16,22,25,-20,5,15,'-12345',-12345,-12345,'-12345',-12345,-12345,'갈색 왜성','-12345',-12345,-12345,'400',400,400,'9.0000~20.0000',9,20,'-12345',-12345,-12345,'-12345',-12345,-12345,'-12345',-12345,-12345,-12345,-12345),('A1','star','용골자리',11,15,9.1,-61,16,17,'9.1',9.1,9.1,'-12345',-12345,-12345,'','-12345',-12345,-12345,'20,000',20000,20000,'84.0',84,84,'-12345',-12345,-12345,'-12345',-12345,-12345,'-12345',-12345,-12345,-12345,-12345),('LHS 292','star','육분의자리',10,48,13,-11,20.2,0,'15.60',15.6,15.6,'17.32',17.32,17.32,'M6.5 V','220.30± 3.60',216.7,223.9,'-12345',-12345,-12345,'-12345',-12345,-12345,'-12345',-12345,-12345,'-12345',-12345,-12345,'-12345',-12345,-12345,-12345,-12345),('LHS 288','star','용골자리',10,44,21.26,-61,12,35.4,'13.92',13.92,13.92,'15.74',15.74,15.74,'M','222.8± 13.6',209.2,236.4,'-12345',-12345,-12345,'-12345',-12345,-12345,'-12345',-12345,-12345,'-12345',-12345,-12345,'-12345',-12345,-12345,-12345,-12345),('OGLE-TR-211','star','용골자리',10,40,15,-62,27,20,'14.3',14.3,14.3,'0.7',0.7,0.7,'F','-12345',-12345,-12345,'17,300',17300,17300,'-12345',-12345,-12345,'-12345',-12345,-12345,'-12345',-12345,-12345,'-12345',-12345,-12345,-12345,-12345),('OGLE-TR-132','star','용골자리',10,50,34.72,-61,57,25.9,'15.72',15.72,15.72,'0.7',0.7,0.7,'F','-12345',-12345,-12345,'4,892',4892,4892,'-12345',-12345,-12345,'-12345',-12345,-12345,'-12345',-12345,-12345,'-12345',-12345,-12345,-12345,-12345),('OGLE-TR-113','star','용골자리',10,52,24.4,-61,26,48.5,'14.42',14.42,14.42,'13.22',13.22,13.22,'K','-12345',-12345,-12345,'4,892',4892,4892,'-12345',-12345,-12345,'-12345',-12345,-12345,'-12345',-12345,-12345,'3,134± 102',3032,3236,-12345,-12345),('OGLE-TR-111','star','용골자리',10,53,17.91,-61,24,20.3,'15.55',15.55,15.55,'-12345',-12345,-12345,'K 또는 G형 주계열성','-12345',-12345,-12345,'5,000',5000,5000,'0.82± 0.15',0.67,0.97,'0.831± 0.031',0.8,0.862,'-12345',-12345,-12345,'-12345',-12345,-12345,-12345,-12345),('OGLE-TR-182','star','용골자리',11,9,19,-61,5,43,'16.84',16.84,16.84,'3.26',3.26,3.26,'G (황색 왜성)','-12345',-12345,-12345,'12,700',12700,12700,'-12345',-12345,-12345,'-12345',-12345,-12345,'-12345',-12345,-12345,'-12345',-12345,-12345,-12345,-12345),('PSR B1257+12','star','처녀자리',13,0,1,12,40,57,'15.0~25.0',15,25,'-12345',-12345,-12345,'펄서(Pulsar)','-12345',-12345,-12345,'1,500',1500,1500,'1.35',1.35,1.35,'0.00002',0,0,'1700000~3000000',1700000,3000000,'7,000~200,000',7000,200000,3,-12345),('OGLE-2005-BLG-071L','star','전갈자리',17,50,9,-34,40,23,'19.5',19.5,19.5,'-12345',-12345,-12345,'적색 왜성?','-12345',-12345,-12345,'9,500',9500,9500,'-12345',-12345,-12345,'-12345',-12345,-12345,'-12345',-12345,-12345,'-12345',-12345,-12345,-12345,-12345),('OGLE-TR-10','star','궁수자리',17,51,28.25,-29,52,34.9,'14.93',14.93,14.93,'-12345',-12345,-12345,'G 또는 K','546,98± 1,00',54598,54798,'5,000',5000,5000,'-12345',-12345,-12345,'-12345',-12345,-12345,'-12345',-12345,-12345,'-12345',-12345,-12345,-12345,-12345),('OGLE-2006-BLG-109L','star','궁수자리',17,52,35,-30,5,16,'9.54',9.54,9.54,'-12345',-12345,-12345,'-12345','-12345',-12345,-12345,'4,900',4900,4900,'0.5',0.5,0.5,'-12345',-12345,-12345,'-12345',-12345,-12345,'4,000',4000,4000,-12345,-12345),('OGLE-TR-56','star','궁수자리',17,56,35.51,-29,32,21.2,'16.6',16.6,16.6,'-12345',-12345,-12345,'G','-12345',-12345,-12345,'4,900',4900,4900,'-12345',-12345,-12345,'-12345',-12345,-12345,'-12345',-12345,-12345,'-12345',-12345,-12345,-12345,-12345),('OGLE-TR-122','star','용골자리',11,6,51.99,-60,51,45.7,'15.61',15.61,15.61,'-12345',-12345,-12345,'-12345','-12345',-12345,-12345,'-12345',-12345,-12345,'1.0',1,1,'1.1',1.1,1.1,'-12345',-12345,-12345,'5,700',5700,5700,-12345,-12345),('PSR B1620-26','star','전갈자리(M4)',16,23,38,-26,31,53,'24.0',24,24,'-12345',-12345,-12345,'펄서','-12345',-12345,-12345,'12,400',12400,12400,'1.35',1.35,1.35,'-12345',-12345,-12345,'-12345',-12345,-12345,'-12345',-12345,-12345,2,1),('PSR B1509-58','star','컴퍼스자리',15,13,55.52,-59,8,8.8,'-12345',-12345,-12345,'-12345',-12345,-12345,'','-12345',-12345,-12345,'17,000',17000,17000,'-12345',-12345,-12345,'-12345',-12345,-12345,'-12345',-12345,-12345,'-12345',-12345,-12345,-12345,-12345),('OGLE-2005-BLG-390L','star','전갈자리',17,54,19.2,-30,22,38,'15.7',15.7,15.7,'-12345',-12345,-12345,'M4 V','-12345',-12345,-12345,'21,500± 3,300',18200,24800,'0.22',0.22,0.22,'-12345',-12345,-12345,'-12345',-12345,-12345,'-12345',-12345,-12345,-12345,-12345),('LH54-425','star','황새치자리',5,26,24.25,-67,30,17.2,'13.1',13.1,13.1,'9.36',9.36,9.36,'O3IIIf','-12345',-12345,-12345,'170,000',170000,170000,'62',62,62,'17.5',17.5,17.5,'-12345',-12345,-12345,'40,700',40700,40700,-12345,1),('안타레스','star','전갈자리',16,29,24,-26,25,55,'0.9~1.8',0.9,1.8,'-5.28',-5.28,-5.28,'M1.5','-12345',-12345,-12345,'600',600,600,'15.5',15.5,15.5,'700',700,700,'65,000',65000,65000,'3,500',3500,3500,-12345,-12345),('알데바란','star','황소자리',4,35,55.2,16,30,33,'0.85',0.85,0.85,'-0.63',-0.63,-0.63,'K5 III','50.09± 0.05',50.04,50.14,'65± 1',64,66,'1.1',1.1,1.1,'44.2',44.2,44.2,'150',150,150,'4,100',4100,4100,-12345,-12345),('레굴루스 A','star','사자자리',10,8,22.3,11,58,2,'1.35',1.35,1.35,'-0.52',-0.52,-0.52,'B7 V','42.09± 0.79',41.3,42.88,'-12345',-12345,-12345,'3.5',3.5,3.5,'3.15~4.15',3.15,4.15,'150',150,150,'10,300~15,400',10300,15400,-12345,-12345),('레굴루스 B','star','사자자리',10,8,12.8,11,59,48,'8.14',8.14,8.14,'4.2',4.2,4.2,'K1-2 V','42.09± 0.79',41.3,42.88,'-12345',-12345,-12345,'0.8',0.8,0.8,'0.5',0.5,0.5,'0.31',0.31,0.31,'-12345',-12345,-12345,-12345,-12345),('레굴루스 C','star','사자자리',10,8,14,11,59,48,'13.5',13.5,13.5,'9.5',9.5,9.5,'M5 V','42.09± 0.79',41.3,42.88,'-12345',-12345,-12345,'0.2',0.2,0.2,'-12345',-12345,-12345,'-12345',-12345,-12345,'-12345',-12345,-12345,-12345,-12345),('센타우루스자리 프록시마','star','센타우루스자리',14,29,42.9487,-62,40,46.141,'11.05',11.05,11.05,'15.49',15.49,15.49,'M5.5 Ve','768.7± 0.3',768.4,769,'4.22',4.22,4.22,'0.123± 0.006',0.117,0.129,'0.145± 0.011',0.134,0.156,'0.0017',0.0017,0.0017,'3,042± 117',2925,3159,-12345,-12345),('카펠라 A','star','마차부자리',5,16,41.4,45,59,53,'0.08',0.08,0.08,'-0.5',-0.5,-0.5,'G8III','77.29± 0.89',76.4,78.18,'-12345',-12345,-12345,'2.69',2.69,2.69,'10.2',10.2,10.2,'78.5',78.5,78.5,'5270',5270,5270,-12345,-12345),('카펠라 B','star','마차부자리',5,16,41.4,45,59,53,'0.08',0.08,0.08,'-0.5',-0.5,-0.5,'G0III','77.29± 0.89',76.4,78.18,'-12345',-12345,-12345,'2.56',2.56,2.56,'8.5',8.5,8.5,'77.6',77.6,77.6,'5900',5900,5900,-12345,-12345),('센타우루스자리 알파 A','star','센타우루스자리',14,39,36.4951,-60,50,2.308,'-0.01',-0.01,-0.01,'4.38',4.38,4.38,'G2V','747.23± 1.17',746.06,748.4,'4.365± 0.007',4.358,4.372,'1.08',1.08,1.08,'1.227',1.227,1.227,'1.519',1.519,1.519,'5,880',5880,5880,-12345,2),('센타우루스자리 알파 B','star','센타우루스자리',14,39,35.0803,-60,50,13.761,'1.33',1.33,1.33,'5.71',5.71,5.71,'K0V','747.23± 1.17',746.06,748.4,'4.365± 0.007',4.358,4.372,'0.867',0.867,0.867,'0.865',0.865,0.865,'0.500',0.5,0.5,'5,260',5260,5260,-12345,2),('베텔게우스','star','오리온자리',5,55,10.3053,7,24,25.426,'0.58',0.58,0.58,'-5.14',-5.14,-5.14,'M2 lab','7.63± 1.64',5.99,9.27,'640',640,640,'19',19,19,'1,180',1180,1180,'140,000',140000,140000,'3,500',3500,3500,-12345,-12345),('아케르나르','star','에리다누스자리',1,37,42.8,-57,14,12,'0.5',0.5,0.5,'-2.77',-2.77,-2.77,'B3 Vpe','-12345',-12345,-12345,'144± 4',140,148,'6.8',6.8,6.8,'10',10,10,'3,311',3311,3311,'17,510',17510,17510,-12345,-12345),('리겔','star','오리온자리',5,14,32.272,-8,12,5.91,'0.18',0.18,0.18,'-6.7',-6.7,-6.7,'B8 lab (B형 항성, 이중성)','4.22± 0.81',3.41,5.03,'800',800,800,'17',17,17,'62',62,62,'66,000',66000,66000,'10,800',10800,10800,-12345,1),('프로키온 A','star','작은개자리',7,39,18.1,5,13,29,'0.37',0.37,0.37,'2.65',2.65,2.65,'F5 IV-V','286.05± 0.81',285.24,286.86,'11.4± 0.03',11.37,11.43,'0.60',0.6,0.6,'2.36',2.36,2.36,'7.73',7.73,7.73,'6,430',6430,6430,-12345,-12345),('프로키온 B','star','작은개자리',7,39,17.7,5,13,20,'10.7',10.7,10.7,'13.04',13.04,13.04,'DA','286.05± 0.81',285.24,286.86,'11.4± 0.03',11.37,11.43,'1.46',1.46,1.46,'0.02',0.02,0.02,'0.00055',0.0005,0.0005,'7,800',7800,7800,-12345,-12345),('피스톨별','star','궁수자리',17,46,15.3,-28,50,4,'4.0',4,4,'-12345',-12345,-12345,'밝은 청색변광성','-12345',-12345,-12345,'-12345',-12345,-12345,'120',120,120,'300~340',300,340,'106',106,106,'14,000~21,000',14000,21000,-12345,-12345),('Winnecke 4','star','큰곰자리',12,22,12.5,58,4,59,'9.65',9.65,9.65,'-12345',-12345,-12345,'G0','-12345',-12345,-12345,'510',510,510,'-12345',-12345,-12345,'-12345',-12345,-12345,'-12345',-12345,-12345,'-12345',-12345,-12345,-12345,-12345),('큰개자리 VY','star','큰개자리',7,22,58.33,-25,46,3.17,'7.9607',7.9607,7.9607,'-9.4',-9.4,-9.4,'M3~M5e la','1.72± 3.54',-1.82,5.26,'4,900',4900,4900,'15',15,15,'1,800~2,100',1800,2100,'200000~560000',200000,560000,'3,000',3000,3000,-12345,-12345),('세페우스자리 VV A','star','세페우스자리',21,56,39.14,63,37,32,'4.91',4.91,4.91,'-9',-9,-9,'M2 Iab','-12345',-12345,-12345,'2,400',2400,2400,'25',25,25,'1600~1900',1600,1900,'275,000~575,000',275000,575000,'3300~3650',3300,3650,-12345,-12345),('고니자리 X-1','star','고니자리',19,58,21.6756,35,12,5.775,'8.95',8.95,8.95,'-6.5± 0.2',-6.7,-6.3,'B0Iab','0.58± 1.01',-0.43,1.59,'-12345',-12345,-12345,'20~40',20,40,'20~22',20,22,'300000~400000',300000,400000,'31,000',31000,31000,-12345,-12345),('하다르','star','센타우루스자리',14,3,49.4,-60,22,23,'0.6',0.6,0.6,'-4.57',-4.57,-4.57,'B1 III(청백색 거성)','9.2614± 0.271',8.9904,9.5324,'350± 10',340,360,'10.7',10.7,10.7,'8',8,8,'16,000',16000,16000,'-12345',-12345,-12345,-12345,-12345),('아크룩스','star','남십자자리',12,26,35.8958,-63,5,56.73,'0.81',0.81,0.81,'-12345',-12345,-12345,'B1V 주계열성','-12345',-12345,-12345,'320± 20',300,340,'14',14,14,'-12345',-12345,-12345,'25,000',25000,25000,'28,000',28000,28000,-12345,-12345),('포말하우트','star','남쪽물고기자리',22,57,39.1,-29,37,20,'1.16',1.16,1.16,'1.73',1.73,1.73,'A3 V','130.58± 0.65',129.93,131.23,'25± 0.1',24.9,25.1,'2.05',2.05,2.05,'1.83',1.83,1.83,'16',16,16,'8,700',8700,8700,1,1),('폴룩스','star','쌍둥이자리',7,45,19.4,28,1,35,'1.15',1.15,1.15,'1.09',1.09,1.09,'K0IIIb','-12345',-12345,-12345,'33.7± 0.3',33.4,34,'1.86',1.86,1.86,'8.0',8,8,'32',32,32,'4,865',4865,4865,-12345,-12345),('카스토르 A','star','쌍둥이자리',7,34,36,31,53,18,'1.96',1.96,1.96,'1.33',1.33,1.33,'A1 IV','-12345',-12345,-12345,'49.8± 0.8',49,50.6,'2.15',2.15,2.15,'2.3',2.3,2.3,'30',30,30,'9,300',9300,9300,-12345,-12345),('카스토르 B','star','쌍둥이자리',7,34,36,31,53,18,'2.91',2.91,2.91,'2.28',2.28,2.28,'A2 Vm','-12345',-12345,-12345,'49.8± 0.8',49,50.6,'1.7',1.7,1.7,'1.6',1.6,1.6,'14',14,14,'8,840',8840,8840,-12345,-12345),('페가수스자리 51','star','페가수스자리',22,57,28,20,46,8,'5.49',5.49,5.49,'4.51',4.51,4.51,'G V형 항성','65.10± 0.76',64.34,65.86,'50.1',50.1,50.1,'1.06',1.06,1.06,'1.15~1.4',1.15,1.4,'1.30',1.3,1.3,'5,665',5665,5665,1,-12345),('처녀자리 70','star','처녀자리',13,28,25.8,13,46,43.5,'5.00',5,5,'3.75',3.75,3.75,'G2.5 Va','56.11',56.11,56.11,'-12345',-12345,-12345,'1.1',1.1,1.1,'1.76',1.76,1.76,'3.06',3.06,3.06,'5770',5770,5770,1,-12345),('알마즈','star','마차부자리',5,1,58.1,43,49,24,'3.04',3.04,3.04,'5.95',5.95,5.95,'F0 Ia','1.53± 1.29',0.24,2.82,'-12345',-12345,-12345,'15-19',15,15,'100',100,100,'47,000',47000,47000,'7,800',7800,7800,-12345,-12345),('라스 알게티 A','star','허큘리스자리',17,14,38.8,14,23,25,'3.48',3.48,3.48,'-12345',-12345,-12345,'M5IIver','8.53± 2.03',6.5,10.56,'380',380,380,'-12345',-12345,-12345,'-12345',-12345,-12345,'-12345',-12345,-12345,'-12345',-12345,-12345,-12345,-12345),('라스 알게티 B','star','허큘리스자리',17,14,38.8,14,23,25,'5.4',5.4,5.4,'-12345',-12345,-12345,'G5III+F2V','8.53± 2.03',6.5,10.56,'380',380,380,'-12345',-12345,-12345,'-12345',-12345,-12345,'-12345',-12345,-12345,'-12345',-12345,-12345,-12345,-12345),('나오스','star','고물자리',8,3,35.1,-40,0,11.6,'2.21',2.21,2.21,'-5.96',-5.96,-5.96,'O5 IAf (청색 초거성)','2.33± 0.51',1.82,2.84,'1,090± 40',1050,1130,'64',64,64,'17',17,17,'790,000',790000,790000,'42,400',42400,42400,-12345,-12345),('알페라츠','star','안드로메다자리 페가수스자리',0,8,23.3,29,5,26,'2.07',2.07,2.07,'-12345',-12345,-12345,'준거성, 분광쌍성','-12345',-12345,-12345,'97± 2',95,99,'-12345',-12345,-12345,'-12345',-12345,-12345,'-12345',-12345,-12345,'13,000',13000,13000,-12345,-12345),('메이사 A','star','오리온자리',5,35,8.28,9,56,2.96,'3.39',3.39,3.39,'4.25',4.25,4.25,'O8 III','3.09± 0.78',2.31,3.87,'-12345',-12345,-12345,'-12345',-12345,-12345,'-12345',-12345,-12345,'-12345',-12345,-12345,'-12345',-12345,-12345,-12345,-12345),('메이사 B','star','오리온자리',5,35,8.28,9,56,2.96,'5.61',5.61,5.61,'-1.94',-1.94,-1.94,'B0.5 V','3.09± 0.78',2.31,3.87,'-12345',-12345,-12345,'-12345',-12345,-12345,'-12345',-12345,-12345,'-12345',-12345,-12345,'-12345',-12345,-12345,-12345,-12345),('황새치자리 S','star','황새치자리',5,18,14.35,-69,15,1.1,'8.6~11.5',8.6,11.5,'-9.9',-9.9,-9.9,'A0','-12345',-12345,-12345,'-12345',-12345,-12345,'48',48,48,'390',390,390,'870,000',870000,870000,'9,570',9570,9570,-12345,-12345),('황새치자리 R A','star','황새치자리',4,36,45.5923,-62,4,37.756,'5.73',5.73,5.73,'6.97',6.97,6.97,'M8 III','16.02± 0.69',15.33,16.71,'-12345',-12345,-12345,'-12345',-12345,-12345,'370± 50',320,420,'6500± 1400',5100,7900,'2740± 190',2550,2930,-12345,-12345),('황새치자리 R B','star','황새치자리',4,36,45.5923,-62,4,37.756,'11.9',11.9,11.9,'6.97',6.97,6.97,'M8 III','16.02± 0.69',15.33,16.71,'-12345',-12345,-12345,'-12345',-12345,-12345,'370± 50',320,420,'6500± 1400',5100,7900,'2740± 190',2550,2930,-12345,-12345),('황새치자리 R C','star','황새치자리',4,36,45.5923,-62,4,37.756,'11',11,11,'6.97',6.97,6.97,'M8 III','16.02± 0.69',15.33,16.71,'-12345',-12345,-12345,'-12345',-12345,-12345,'370± 50',320,420,'6500± 1400',5100,7900,'2740± 190',2550,2930,-12345,-12345),('세페우스자리 V354','star','세페우스자리',22,33,35,58,53,45,'-12345',-12345,-12345,'-12345',-12345,-12345,'M2.5 Iab','-12345',-12345,-12345,'-12345',-12345,-12345,'25',25,25,'1,520',1520,1520,'-12345',-12345,-12345,'-12345',-12345,-12345,-12345,-12345),('궁수자리 KW','star','궁수자리',17,52,0.7,-28,1,20.6,'11',11,11,'-12345',-12345,-12345,'M1.5 Iab (적색 초거성)','-12345',-12345,-12345,'9800',9800,9800,'25',25,25,'-12345',-12345,-12345,'-12345',-12345,-12345,'-12345',-12345,-12345,-12345,-12345),('피스미스 24-1','star','전갈자리',17,24.3,0,-34,20,0,'10.6',10.6,10.6,'-12345',-12345,-12345,'O7 III','-12345',-12345,-12345,'8,000',8000,8000,'120',120,120,'-12345',-12345,-12345,'-12345',-12345,-12345,'40,000',40000,40000,-12345,-12345),('Cha 110913-773444','star','카멜레온자리',11,9,13.63,-77,34,44.6,'21.59',21.59,21.59,'-12345',-12345,-12345,'L형 왜성','-12345',-12345,-12345,'163',163,163,'0.008',0.008,0.008,'0.18',0.18,0.18,'0.000096',0.0001,0.0001,'1,350',1350,1350,-12345,-12345),('SCR 1845-6357A','star','공작자리',18,45,5.26,-63,57,47.8,'-12345',-12345,-12345,'-12345',-12345,-12345,'M8.5','259.45± 1.11',258.34,260.56,'-12345',-12345,-12345,'0.07',0.07,0.07,'-12345',-12345,-12345,'-12345',-12345,-12345,'2,600',2600,2600,-12345,-12345),('테이데 1','star','황소자리',3,47,18,24,22,31,'17.76',17.76,17.76,'12.38',12.38,12.38,'M8','8.40',8.4,8.4,'400',400,400,'0.052',0.052,0.052,'0.22',0.22,0.22,'0.001',0.001,0.001,'2200',2200,2200,-12345,-12345),('인디언자리 엡실론','star','인디언자리',22,3,21.6571,-56,47,9.514,'4.69',4.69,4.69,'6.89',6.89,6.89,'K4.5V','275.79± 0.69',275.1,276.48,'-12345',-12345,-12345,'0.77',0.77,0.77,'0.76',0.76,0.76,'0.17',0.17,0.17,'4,280',4280,4280,-12345,-12345),('용골자리 에타','star','용골자리',10,45,3.591,-59,41,4.26,'6.21',6.21,6.21,'-12345',-12345,-12345,'특이(Peculiar)','-12345',-12345,-12345,'7,500',7500,7500,'100~150',100,150,'80~180',80,180,'5000000',5000000,5000000,'36,000~40,000',36000,40000,-12345,-12345),('안드로메다자리 υ','star','안드로메다자리',1,36,47.84,41,24,19.6,'4.09',4.09,4.09,'3.44',3.44,3.44,'F8V','74.12± 0.19',73.93,74.31,'44± 1',43,45,'1.28',1.28,1.28,'1.480± 0.087',1.393,1.567,'3.4',3.4,3.4,'6,074± 13.1',6060.8999,6087.1001,4,-12345),('알샤인 A','star','독수리자리',19,55,18.8,6,24,24,'3.71',3.71,3.71,'3.03',3.03,3.03,'G8 IVvar','72.95± 0.83',72.12,73.78,'-12345',-12345,-12345,'1.3',1.3,1.3,'3.1',3.1,3.1,'6',6,6,'5,100',5100,5100,-12345,-12345),('알샤인 B','star','독수리자리',19,55,18.8,6,24,24,'11.4',11.4,11.4,'10.7',10.7,10.7,'M3','72.95± 0.83',72.12,73.78,'-12345',-12345,-12345,'1.3',1.3,1.3,'3.1',3.1,3.1,'6',6,6,'5,100',5100,5100,-12345,-12345),('하말(Hamal)','star','양자리',2,7,10.4071,-23,27,44.723,'1.98~2.04',1.98,2.04,'3.15',3.15,3.15,'K2 IIICa-1','49.48± 0.99',48.49,50.47,'66± 1',65,67,'2',2,2,'15',15,15,'90',90,90,'4,590',4590,4590,-12345,-12345),('티가든의 별','star','양자리',2,53,0.9,16,52,53,'15.4',15.4,15.4,'17.5',17.5,17.5,'M6.5V','259± 4',255,263,'-12345',-12345,-12345,'0.091',0.091,0.091,'0.13',0.13,0.13,'0.000009',0,0,'2,610',2610,2610,-12345,-12345),('마차부자리 프시7','star','마차부자리',6,50,45.9,41,46,53,'4.99',4.99,4.99,'-12345',-12345,-12345,'K3III (오렌지색 거성)','-12345',-12345,-12345,'364± 32',332,396,'-12345',-12345,-12345,'-12345',-12345,-12345,'-12345',-12345,-12345,'-12345',-12345,-12345,-12345,-12345),('마차부자리 AE','star','마차부자리',5,16,18.1497,34,18,44.341,'5.998',5.998,5.998,'-12345',-12345,-12345,'O9.5V','-12345',-12345,-12345,'-12345',-12345,-12345,'17',17,17,'5',5,5,'30,000',30000,30000,'30,000',30000,30000,-12345,-12345),('푸르케리마 A','star','목동자리',14,44,59.2,27,4,27.2,'2.70',2.7,2.7,'-1.69',-1.69,-1.69,'K0 II-III','-12345',-12345,-12345,'210',210,210,'2',2,2,'33',33,33,'400',400,400,'4,800',4800,4800,-12345,1),('푸르케리마 B','star','목동자리',14,44,59.2,27,4,27.2,'5.12',5.12,5.12,'-1.08',-1.08,-1.08,'A2 V','-12345',-12345,-12345,'210',210,210,'2',2,2,'2',2,2,'27',27,27,'8,700',8700,8700,-12345,1),('데네볼라(Denebola)','star','사자자리',11,49,3.5776,14,34,19.417,'2.14',2.14,2.14,'1.91',1.91,1.91,'A3V','90.16± 0.89',89.27,91.05,'36.2± 0.4',35.8,36.6,'1.75',1.75,1.75,'1.728',1.728,1.728,'15',15,15,'8,500',8500,8500,-12345,-12345),('게자리 엡실론','star','게자리',8,40,27,19,32,42,'6.29',6.29,6.29,'-12345',-12345,-12345,'A8 Vn','-12345',-12345,-12345,'548± 84',464,632,'-12345',-12345,-12345,'-12345',-12345,-12345,'-12345',-12345,-12345,'-12345',-12345,-12345,-12345,-12345),('게자리 55 A','star','게자리',8,52,35.8,28,19,51,'5.95',5.95,5.95,'-12345',-12345,-12345,'G8V','79.80',79.8,79.8,'40.9± 0.4',40.5,41.3,'0.95± 0.1',0.85,1.05,'0.96',0.96,0.96,'0.63',0.63,0.63,'5,250',5250,5250,5,1),('게자리 55 B','star','게자리',8,52,35.8,28,19,51,'5.95',5.95,5.95,'-12345',-12345,-12345,'M3.5-4V','79.80',79.8,79.8,'40.9± 0.4',40.5,41.3,'0.13',0.13,0.13,'0.30',0.3,0.3,'0.0076',0.0076,0.0076,'5,250',5250,5250,5,1),('코르 카롤리 A','star','사냥개자리',12,51,1.7,38,19,6,'2.89',2.89,2.89,'0.24',0.24,0.24,'B9 IV','29.60± 1.04',28.56,30.64,'110± 4',106,114,'2.44',2.44,2.44,'2.59',2.59,2.59,'60',60,60,'10300',10300,10300,-12345,1),('코르 카롤리 B','star','사냥개자리',12,51,1.7,38,19,6,'5.61',5.61,5.61,'2.96',2.96,2.96,'F0 V','29.60± 1.04',28.56,30.64,'110± 4',106,114,'1.45',1.45,1.45,'1.44',1.44,1.44,'5',5,5,'7250',7250,7250,-12345,1),('라 수페르바(La Superba)','star','사냥개자리',12,45,7.83,45,26,24.92,'4.8~6.3',4.8,6.3,'-12345',-12345,-12345,'C54J, C-N5, C-J4.5','4.590',4.59,4.59,'711± 113',598,824,'3',3,3,'215',215,215,'4,400',4400,4400,'2,800',2800,2800,-12345,-12345),('미모사','star','남십자자리',12,47,43.2,-59,41,19,'1.30',1.3,1.3,'-12345',-12345,-12345,'B0.5IV 준거성','-12345',-12345,-12345,'350± 20',330,370,'14',14,14,'8',8,8,'34,000',34000,34000,'28,200',28200,28200,-12345,-12345),('무르짐','star','큰개자리',6,22,42,-17,57,21.3,'1.98',1.98,1.98,'-3.95',-3.95,-3.95,'B1 II-III','6.53± 0.66',5.87,7.19,'-12345',-12345,-12345,'-12345',-12345,-12345,'-12345',-12345,-12345,'19,000',19000,19000,'22,000',22000,22000,-12345,-12345),('사이프','star','오리온자리',5,47,45.4,-9,40,11,'2.06',2.06,2.06,'-4.66',-4.66,-4.66,'B0.5 Iavar','4.52',4.52,4.52,'720',720,720,'15~17',15,17,'11',11,11,'57,500',57500,57500,'26,000',26000,26000,-12345,-12345),('큰개자리 엡실론 (아다라)','star','큰개자리',6,58,37.6,-28,58,19,'1.51',1.51,1.51,'-4.11',-4.11,-4.11,'B2 Iab','7.57± 0.57',7,8.14,'430± 30',400,460,'10',10,10,'-12345',-12345,-12345,'20,000',20000,20000,'24,750',24750,24750,-12345,-12345),('가크룩스','star','남십자자리',12,31,9.9,-57,6,45,'1.59',1.59,1.59,'-12345',-12345,-12345,'거성','-12345',-12345,-12345,'88± 2',86,90,'3',3,3,'113',113,113,'1,500',1500,1500,'3,400',3400,3400,-12345,-12345),('전갈자리 람다 A','star','전갈자리',17,33,36.6,-37,6,13,'1.62',1.62,1.62,'-5',-5,-5,'B1.5-2 IV+(A)','4.64± 0.90',3.74,5.54,'-12345',-12345,-12345,'-12345',-12345,-12345,'-12345',-12345,-12345,'-12345',-12345,-12345,'-12345',-12345,-12345,-12345,-12345),('전갈자리 람다 B','star','전갈자리',17,33,42.6,-37,6,44,'14.9',14.9,14.9,'-5',-5,-5,'B1.5-2 IV+(A)','4.64± 0.90',3.74,5.54,'-12345',-12345,-12345,'-12345',-12345,-12345,'-12345',-12345,-12345,'-12345',-12345,-12345,'-12345',-12345,-12345,-12345,-12345),('전갈자리 람다 C','star','전갈자리',17,33,32.5,-37,4,52,'12.0',12,12,'-5',-5,-5,'B1.5-2 IV+(A)','4.64± 0.90',3.74,5.54,'-12345',-12345,-12345,'-12345',-12345,-12345,'-12345',-12345,-12345,'-12345',-12345,-12345,'-12345',-12345,-12345,-12345,-12345),('벨라트릭스','star','오리온자리',5,25,7.9,6,20,59,'1.64',1.64,1.64,'-2.72',-2.72,-2.72,'B2 III','13.42± 0.98',12.44,14.4,'-12345',-12345,-12345,'8~9',8,9,'5.7',5.7,5.7,'4,000',4000,4000,'21,500',21500,21500,-12345,-12345),('엘 나스','star','황소자리',5,26,17.5,28,36,27,'1.65',1.65,1.65,'-1.37',-1.37,-1.37,'B7 III','24.89± 0.88',24.01,25.77,'-12345',-12345,-12345,'4.5',4.5,4.5,'5~6',5,6,'700',700,700,'13,600',13600,13600,-12345,-12345),('알닐람','star','오리온자리',5,36,12.8,-1,12,6.9,'1.7',1.7,1.7,'-12345',-12345,-12345,'B0 Iab 초거성','-12345',-12345,-12345,'1300',1300,1300,'41',41,41,'26',26,26,'-12345',-12345,-12345,'26,000',26000,26000,-12345,-12345),('알니타크 A','star','오리온자리',5,40,45.5,-1,56,34,'1.70',1.7,1.7,'-5.25',-5.25,-5.25,'O9 lab','3.99± 0.79',3.2,4.78,'800',800,800,'28',28,28,'20',20,20,'100,000',100000,100000,'30,000',30000,30000,-12345,-12345),('알니타크 B','star','오리온자리',5,40,45.5,-1,56,34,'4.0',4,4,'-3',-3,-3,'O','3.99± 0.79',3.2,4.78,'800',800,800,'23',23,23,'-12345',-12345,-12345,'1,300',1300,1300,'-12345',-12345,-12345,-12345,-12345),('알니타크 Ab','star','오리온자리',5,40,45.5,-1,56,34,'4.21',4.21,4.21,'-2.8',-2.8,-2.8,'B0 III','3.99± 0.79',3.2,4.78,'800',800,800,'-12345',-12345,-12345,'-12345',-12345,-12345,'-12345',-12345,-12345,'24,000',24000,24000,-12345,-12345),('코카브','star','작은곰자리',14,50,42.3,74,9,20,'2.07',2.07,2.07,'-0.88',-0.88,-0.88,'K4 III','25.79± 0.52',25.27,26.31,'-12345',-12345,-12345,'4.4',4.4,4.4,'41',41,41,'500',500,500,'4,000',4000,4000,-12345,-12345),('고니자리 P','star','고니자리',20,17,47.2018,38,1,58.549,'4.795',4.795,4.795,'-12345',-12345,-12345,'B1Ia+','0.52± 0.50',0.02,1.02,'7,000',7000,7000,'30',30,30,'76',76,76,'630,000',630000,630000,'19,300',19300,19300,-12345,-12345),('용골자리 AG','star','용골자리',10,56,11.5763,-60,27,12.815,'7.09',7.09,7.09,'7.58',7.58,7.58,'B2','-0.56± 0.67',-1.23,0.11,'-12345',-12345,-12345,'50',50,50,'-12345',-12345,-12345,'1,000,000',1000000,1000000,'-12345',-12345,-12345,-12345,-12345),('팔분의자리 시그마','star','팔분의자리',21,8,46.8,-88,57,23,'5.42',5.42,5.42,'0.83',0.83,0.83,'F0 III','12.07± 0.48',11.59,12.55,'270',270,270,'-12345',-12345,-12345,'-12345',-12345,-12345,'-12345',-12345,-12345,'-12345',-12345,-12345,-12345,-12345),('카시오페이아자리 로','star','카시오페이아자리',23,54,23,57,29,58,'4.52',4.52,4.52,'-7.48',-7.48,-7.48,'F8 Ia0e','0.28± 0.58',-0.3,0.86,'-12345',-12345,-12345,'43',43,43,'450',450,450,'5.5 × 105',5.5,5.5,'7,500± 200',7300,7700,-12345,-12345),('고니자리 OB2-12','star','고니자리',-12345,-12345,-12345,-12345,-12345,-12345,'11.4',11.4,11.4,'-10.6',-10.6,-10.6,'B5e','-12345',-12345,-12345,'5,500',5500,5500,'92',92,92,'-12345',-12345,-12345,'6,000,000',6000000,6000000,'18,500',18500,18500,-12345,-12345),('세페우스자리 뮤','star','세페우스자리',21,43,30.46,58,46,48.2,'4.04',4.04,4.04,'-7.0',-7,-7,'M2 Iab','-12345',-12345,-12345,'-12345',-12345,-12345,'25',25,25,'1,420',1420,1420,'350,000',350000,350000,'-12345',-12345,-12345,-12345,-12345),('카시오페이아자리 V509','star','카시오페이아자리',23,0,5.1,56,56,43,'5.10',5.1,5.1,'-6.77',-6.77,-6.77,'F8 0','0.15± 0.57',-0.42,0.72,'7,800',7800,7800,'25',25,25,'200',200,200,'350,000',350000,350000,'-12345',-12345,-12345,-12345,-12345),('용골자리 V382','star','용골자리',11,8,35.4,-58,58,30,'3.93',3.93,3.93,'-7.36',-7.36,-7.36,'G40-la','0.55± 0.54',0.01,1.09,'5,940',5940,5940,'-12345',-12345,-12345,'-12345',-12345,-12345,'-12345',-12345,-12345,'4,500~6,000',4500,6000,-12345,-12345),('에리다누스자리 엡실론','star','에리다누스자리',3,32,55.8442,-9,27,29.744,'3.73',3.73,3.73,'6.19',6.19,6.19,'K2V','310.74± 0.85',309.89,311.59,'-12345',-12345,-12345,'0.85',0.85,0.85,'0.84',0.84,0.84,'0.28',0.28,0.28,'5073± 42',5031,5115,-12345,-12345),('뱀주인자리 70','star','뱀주인자리',18,5,27.3,-2,30,0,'4.02',4.02,4.02,'5.48',5.48,5.48,'K0 V','195.96± 0.87',195.09,196.83,'-12345',-12345,-12345,'0.78',0.78,0.78,'0.89',0.89,0.89,'0.43',0.43,0.43,'5,250',5250,5250,-12345,-12345),('뱀주인자리 70','star','뱀주인자리',18,5,27.3,-2,30,0,'6.01',6.01,6.01,'7.51',7.51,7.51,'K5 Ve','195.96± 0.87',195.09,196.83,'-12345',-12345,-12345,'0.61',0.61,0.61,'0.73',0.73,0.73,'0.08',0.08,0.08,'4280',4280,4280,-12345,-12345),('외뿔소자리 V838','star','외뿔소자리',7,4,4.85,-3,50,50.1,'15.74',15.74,15.74,'-12345',-12345,-12345,'B3V','-12345',-12345,-12345,'28,000',28000,28000,'5.5',5.5,5.5,'5~800',5,800,'550~5,000',550,5000,'4,700~30,000',4700,30000,-12345,-12345),('알데라민','star','고래자리',21,18,34.8,62,35,8,'2.45',2.45,2.45,'1.57',1.57,1.57,'A7 IV','66.84± 0.49',66.35,67.33,'-12345',-12345,-12345,'1.9',1.9,1.9,'2.5',2.5,2.5,'18',18,18,'7,600',7600,7600,-12345,-12345),('민타카 Aab','star','오리온자리',5,32,0.4,0,17,57,'2.23',2.23,2.23,'-4.99',-4.99,-4.99,'O9.5 II','3.56± 0.83',2.73,4.39,'-12345',-12345,-12345,'-12345',-12345,-12345,'-12345',-12345,-12345,'-12345',-12345,-12345,'-12345',-12345,-12345,-12345,-12345),('민타카 B','star','오리온자리',5,32,0.4,0,17,57,'6.85',6.85,6.85,'-4.99',-4.99,-4.99,'B2 V','3.56± 0.83',2.73,4.39,'-12345',-12345,-12345,'-12345',-12345,-12345,'-12345',-12345,-12345,'-12345',-12345,-12345,'-12345',-12345,-12345,-12345,-12345),('민타카 C','star','오리온자리',5,32,0.4,0,17,57,'14.0',14,14,'-4.99',-4.99,-4.99,'B2 V','3.56± 0.83',2.73,4.39,'-12345',-12345,-12345,'-12345',-12345,-12345,'-12345',-12345,-12345,'-12345',-12345,-12345,'-12345',-12345,-12345,-12345,-12345),('돛자리 감마2 A','star','돛자리',8,9,32,47,20,12,'1.78',1.78,1.78,'5.31',5.31,5.31,'WC8','3.88± 0.53',3.35,4.41,'-12345',-12345,-12345,'-12345',-12345,-12345,'-12345',-12345,-12345,'-12345',-12345,-12345,'-12345',-12345,-12345,-12345,-12345),('돛자리 감마2 B','star','돛자리',8,9,32,47,20,12,'4.27',4.27,4.27,'2.79',2.79,2.79,'O7.5e','3.88± 0.53',3.35,4.41,'-12345',-12345,-12345,'-12345',-12345,-12345,'-12345',-12345,-12345,'-12345',-12345,-12345,'-12345',-12345,-12345,-12345,-12345),('미라','star','고래자리',2,19,20.7927,-2,58,39.513,'2.0~10.1',2,10.1,'0.93',0.93,0.93,'M7 IIIe','7.79± 1.07',6.72,8.86,'419',419,419,'1.18',1.18,1.18,'332~402',332,402,'8400~9360',8400,9360,'2918~3192',2918,3192,-12345,-12345),('라카유 8760','star','현미경자리',21,17,15.3,-38,52,2,'6.67',6.67,6.67,'8.69',8.69,8.69,'M0 V','253.43± 1.12',252.31,254.55,'-12345',-12345,-12345,'0.56',0.56,0.56,'0.66',0.66,0.66,'0.028',0.028,0.028,'3,340',3340,3340,-12345,-12345),('알리오스','star','큰곰자리',12,54,1.6,55,57,35.4,'1.76',1.76,1.76,'-0.22',-0.22,-0.22,'A0pCr','40.3± 0.62',39.68,40.92,'-12345',-12345,-12345,'3',3,3,'3.7',3.7,3.7,'108',108,108,'9,400',9400,9400,-12345,-12345),('미르파크','star','페르세우스자리',3,24,19.4,49,51,40,'1.79',1.79,1.79,'-4.50',-4.5,-4.5,'F5 lb','5.51± 0.66',4.85,6.17,'590',590,590,'11',11,11,'56',56,56,'5,400',5400,5400,'6,600',6600,6600,-12345,-12345),('카우스 오스트랄리스','star','궁수자리',18,24,10.3,-34,23,3.5,'1.79',1.79,1.79,'-12345',-12345,-12345,'B9.5 III','22.55± 1.02',21.53,23.57,'-12345',-12345,-12345,'5',5,5,'7',7,7,'375',375,375,'9.200',9.2,9.2,-12345,-12345),('두베(두브헤) A','star','큰곰자리',11,3,43.7,61,45,3,'1.7124',1.7124,1.7124,'-1.09',-1.09,-1.09,'K0 III','26.38± 0.53',25.85,26.91,'124± 2',122,126,'4',4,4,'16',16,16,'300',300,300,'4,500',4500,4500,-12345,-12345),('두베(두브헤) B','star','큰곰자리',11,3,43.7,61,45,3,'4.87',4.87,4.87,'1.83',1.83,1.83,'F0 V','26.38± 0.53',25.85,26.91,'124± 2',122,126,'1.7',1.7,1.7,'1.3',1.3,1.3,'300',300,300,'7,400',7400,7400,-12345,-12345),('두베(두브헤) C','star','큰곰자리',11,3,43.7,61,45,3,'7.12',7.12,7.12,'4.22',4.22,4.22,'F8','26.38± 0.53',25.85,26.91,'124± 2',122,126,'-12345',-12345,-12345,'-12345',-12345,-12345,'300',300,300,'-12345',-12345,-12345,-12345,-12345),('웨젠','star','큰개자리',7,8,23.5,-26,23,36,'1.83',1.83,1.83,'-6.87',-6.87,-6.87,'F8 Ia','1.82± 0.56',1.26,2.38,'1800',1800,1800,'17',17,17,'200',200,200,'50,000',50000,50000,'6,200',6200,6200,-12345,-12345),('알카이드','star','큰곰자리',13,47,32.4,49,18,48,'1.85',1.85,1.85,'-0.60',-0.6,-0.6,'B3 V','32.39± 0.74',31.65,33.13,'-12345',-12345,-12345,'6',6,6,'1.8',1.8,1.8,'700',700,700,'22,000',22000,22000,-12345,-12345),('아비오르 A','star','용골자리',8,22,30.8,59,30,35,'1.95~2.4',1.95,2.4,'4.58',4.58,4.58,'B2 V','5.16',5.16,5.16,'-12345',-12345,-12345,'4.6',4.6,4.6,'153',153,153,'6,000',6000,6000,'4,100',4100,4100,-12345,-12345),('아비오르 B','star','용골자리',8,22,30.8,59,30,35,'1.95~3.1',1.95,3.1,'4.58',4.58,4.58,'B2 V','5.16',5.16,5.16,'-12345',-12345,-12345,'16',16,16,'6',6,6,'11,000',11000,11000,'24,000',24000,24000,-12345,-12345),('피콕','star','공작자리',20,25,38.9,-56,44,6,'1.94',1.94,1.94,'-1.81',-1.81,-1.81,'B2 IV','17.8± 0.7',17.1,18.5,'-12345',-12345,-12345,'5~6',5,6,'4.4',4.4,4.4,'2,100',2100,2100,'18,700',18700,18700,-12345,-12345),('그룸브리지 34','star','안드로메다자리',0,18,22.9,44,1,22,'8.09',8.09,8.09,'10.33',10.33,10.33,'M1V','-12345',-12345,-12345,'-12345',-12345,-12345,'0.43',0.43,0.43,'0.54',0.54,0.54,'0.089',0.089,0.089,'3650',3650,3650,-12345,-12345),('ADS 246 A','star','안드로메다자리',0,18,22.9,44,1,22,'11.06',11.06,11.06,'10.33',10.33,10.33,'M4V','-12345',-12345,-12345,'-12345',-12345,-12345,'0.32',0.32,0.32,'0.43',0.43,0.43,'0.033',0.033,0.033,'3210',3210,3210,-12345,-12345),('게자리 DX','star','게자리',8,29,49.5,26,46,37,'14.90',14.9,14.9,'17.10',17.1,17.1,'M6.5V','-12345',-12345,-12345,'-12345',-12345,-12345,'0.09',0.09,0.09,'0.19',0.19,0.19,'0.0004',0.0004,0.0004,'2,720',2720,2720,-12345,-12345),('루이텐의 별','star','작은개자리',7,27,24.5,5,13,32,'9.85',9.85,9.85,'11.96',11.96,11.96,'M3.5V','263.76± 1.25',262.51,265.01,'-12345',-12345,-12345,'-12345',-12345,-12345,'-12345',-12345,-12345,'-12345',-12345,-12345,'-12345',-12345,-12345,-12345,-12345),('카프타인의 별','star','화가자리',5,11,40.6,-45,1,6,'8.85',8.85,8.85,'10.88',10.88,10.88,'M1 IV','255.27± 0.86',254.41,256.13,'-12345',-12345,-12345,'0.38',0.38,0.38,'0.45',0.45,0.45,'0.0055',0.0055,0.0055,'3,800',3800,3800,-12345,-12345),('반 마넨의 별','star','',0,49,9.8992,5,23,19.007,'12.36',12.36,12.36,'14.1',14.1,14.1,'DZ7','231.88± 1.79',230.09,233.67,'-12345',-12345,-12345,'0.7± 0.3',0.4,1,'0.013± 0.002',0.011,0.015,'-12345',-12345,-12345,'6750',6750,6750,-12345,-12345),('물병자리 EZ','star','물병자리',22,38,33.4,-15,18,7,'12.87',12.87,12.87,'14.68',14.68,14.68,'M5 V','-12345',-12345,-12345,'-12345',-12345,-12345,'0.11',0.11,0.11,'0.19',0.19,0.19,'0.0000484',0,0,'2780',2780,2780,-12345,-12345),('로스 128','star','처녀자리',11,47,44.4,0,48,16,'11.16',11.16,11.16,'13.54',13.54,13.54,'M4 V','-12345',-12345,-12345,'-12345',-12345,-12345,'0.156',0.156,0.156,'0.21',0.21,0.21,'0.00029',0.0003,0.0003,'2,800',2800,2800,-12345,-12345),('라카유 9352','star','남쪽물고기자리',23,5,52,-35,51,11,'7.34',7.34,7.34,'9.75',9.75,9.75,'M0.5V','-12345',-12345,-12345,'-12345',-12345,-12345,'0.45',0.45,0.45,'0.57',0.57,0.57,'0.021',0.021,0.021,'3,340',3340,3340,-12345,-12345),('로스 154','star','궁수자리',18,49,49.3625,-23,50,10.437,'10.95',10.95,10.95,'13.07',13.07,13.07,'M3.5V','336.48± 1.82',334.66,338.3,'-12345',-12345,-12345,'0.17',0.17,0.17,'0.24',0.24,0.24,'0.0038',0.0038,0.0038,'3,105',3105,3105,-12345,-12345),('로스 248, 안드로메다자리 HH','star','안드로메다자리',23,41,54.7,44,10,30,'12.29',12.29,12.29,'14.79',14.79,14.79,'M5.5V','-12345',-12345,-12345,'-12345',-12345,-12345,'0.092',0.092,0.092,'0.15',0.15,0.15,'0.000015',0,0,'2780',2780,2780,-12345,-12345),('글리제 1061','star','시계자리',3,36,0,-44,30,46,'13.03',13.03,13.03,'17.10',17.1,17.1,'M5.5 V','-12345',-12345,-12345,'-12345',-12345,-12345,'-12345',-12345,-12345,'-12345',-12345,-12345,'-12345',-12345,-12345,'-12345',-12345,-12345,-12345,-12345),('사빅 A','star','뱀주인자리',17,10,22.7,-15,43,29.7,'2.43',2.43,2.43,'0.37',0.37,0.37,'A2.5 Va','38.77± 0.86',37.91,39.63,'84.1',84.1,84.1,'2.3',2.3,2.3,'2.5',2.5,2.5,'35',35,35,'8900',8900,8900,-12345,-12345),('사빅 B','star','뱀주인자리',17,10,22.7,-15,43,29.7,'2.43',2.43,2.43,'0.37',0.37,0.37,'A3 V','38.77± 0.86',37.91,39.63,'84.1',84.1,84.1,'2.0',2,2,'2.0',2,2,'21',21,21,'8600',8600,8600,-12345,-12345),('크루거 60 A','star','세페우스자리',22,27,59.5,57,41,45,'9.59',9.59,9.59,'11.76',11.76,11.76,'M3 V','248.06± 1.39',246.67,249.45,'-12345',-12345,-12345,'0.23',0.23,0.23,'0.33',0.33,0.33,'0.010',0.01,0.01,'3180',3180,3180,-12345,-12345),('크루거 60 B','star','세페우스자리',22,27,59.5,57,41,45,'11.40',11.4,11.4,'13.37',13.37,13.37,'M4 Ve','248.06± 1.39',246.67,249.45,'-12345',-12345,-12345,'0.15',0.15,0.15,'0.23',0.23,0.23,'0.0034',0.0034,0.0034,'2890',2890,2890,-12345,-12345),('로스 614 A','star','외뿔소자리',6,29,23.4,-2,48,50,'11.15',11.15,11.15,'13.09',13.09,13.09,'M4.5VJ','244.34± 2.01',242.33,246.35,'-12345',-12345,-12345,'-12345',-12345,-12345,'-12345',-12345,-12345,'-12345',-12345,-12345,'-12345',-12345,-12345,-12345,-12345),('로스 614 B','star','외뿔소자리',6,29,23.4,-2,48,50,'14.23',14.23,14.23,'16.17',16.17,16.17,'-12345','244.34± 2.01',242.33,246.35,'-12345',-12345,-12345,'-12345',-12345,-12345,'-12345',-12345,-12345,'-12345',-12345,-12345,'-12345',-12345,-12345,-12345,-12345),('그룸브리지 1618','star','큰곰자리',10,11,22.1411,49,27,15.252,'6.61',6.61,6.61,'8.17',8.17,8.17,'K5 V','205.23± 0.81',204.42,206.04,'-12345',-12345,-12345,'0.58',0.58,0.58,'0.59± 0.03',0.56,0.62,'0.046',0.046,0.046,'4,000',4000,4000,-12345,-12345),('샌덜릭-69도 202a','star','황새치자리',5,35,28.03,-69,16,11.79,'12.00',12,12,'-12345',-12345,-12345,'B3Ia-II','-12345',-12345,-12345,'168,000',168000,168000,'18',18,18,'40',40,40,'100,000',100000,100000,'20,000',20000,20000,-12345,-12345),('양자리 TZ','star','양자리',2,0,13.2,13,3,8,'12.31',12.31,12.31,'14.07',14.07,14.07,'M4.5 V','224.80± 2.90',221.9,227.7,'-12345',-12345,-12345,'0.089',0.089,0.089,'0.5',0.5,0.5,'0.00021',0.0002,0.0002,'2,000~3,500',2000,3500,-12345,-12345),('글리제 687','star','용자리',17,36,25.9,68,20,21,'9.15',9.15,9.15,'10.87',10.87,10.87,'M3 V','220.86± 0.92',219.94,221.78,'-12345',-12345,-12345,'-12345',-12345,-12345,'-12345',-12345,-12345,'-12345',-12345,-12345,'-12345',-12345,-12345,-12345,-12345),('글리제 1','star','조각가자리',0,5,24.4279,-37,21,26.503,'8.57',8.57,8.57,'10.34',10.34,10.34,'M1.5V','229.32± 1.08',228.24,230.4,'-12345',-12345,-12345,'-12345',-12345,-12345,'-12345',-12345,-12345,'-12345',-12345,-12345,'-12345',-12345,-12345,-12345,-12345),('글리제 674','star','제단자리',17,28,39.9463,-46,53,42.685,'9.38',9.38,9.38,'11.06',11.06,11.06,'M3V','220.25± 1.59',218.66,221.84,'-12345',-12345,-12345,'0.35',0.35,0.35,'0.41~0.43',0.41,0.43,'0.0032',0.0032,0.0032,'3,500~3,700',3500,3700,-12345,-12345),('랄랑드 21185','star','큰곰자리',11,3,20.2,35,58,11,'7.47',7.47,7.47,'10.46',10.46,10.46,'M2','393.42± 0.70',392.72,394.12,'8.29± 0.01',8.28,8.3,'0.41',0.41,0.41,'0.48',0.48,0.48,'0.025',0.025,0.025,'3,400',3400,3400,-12345,-12345),('울프 359','star','사자자리',10,56,28.99,7,0,52,'13.54',13.54,13.54,'16.64',16.64,16.64,'M6.5ve','419.10± 2.10',417,421.2,'7.77857± 0.04',7.7386,7.8186,'0.09',0.09,0.09,'0.16',0.16,0.16,'0.0009',0.0009,0.0009,'2,800± 100',2700,2900,-12345,-12345),('데네브 카이토스','star','고래자리',0,43,35.2,-17,59,12,'2.04',2.04,2.04,'-0.31',-0.31,-0.31,'K0 III','34.04± 0.82',33.22,34.86,'-12345',-12345,-12345,'3',3,3,'17',17,17,'145',145,145,'-12345',-12345,-12345,-12345,-12345),('글리제 832','star','인디언자리',21,33,33.9752,-49,0,32.422,'8.67',8.67,8.67,'-12345',-12345,-12345,'M1.5','-12345',-12345,-12345,'16.10',16.1,16.1,'-12345',-12345,-12345,'-12345',-12345,-12345,'-12345',-12345,-12345,'-12345',-12345,-12345,-12345,-12345),('글리제 388','star','사자자리',10,19,36.3,19,52,11.9,'9.32',9.32,9.32,'10.87',10.87,10.87,'M3V','-12345',-12345,-12345,'15.94',15.94,15.94,'-12345',-12345,-12345,'-12345',-12345,-12345,'-12345',-12345,-12345,'-12345',-12345,-12345,-12345,-12345),('글리제 412','star','큰곰자리',11,5,28.58,43,31,36.39,'8.68',8.68,8.68,'10.25',10.25,10.25,'M2 V','206.9± 1.19',205.71,208.09,'-12345',-12345,-12345,'-12345',-12345,-12345,'-12345',-12345,-12345,'-12345',-12345,-12345,'-12345',-12345,-12345,-12345,-12345),('글리제 1002','star','고래자리',0,6,43.2,-7,32,17,'13.73',13.73,13.73,'15.37',15.37,15.37,'M5.5 V','213.00± 3.3',209.7,216.3,'-12345',-12345,-12345,'-12345',-12345,-12345,'-12345',-12345,-12345,'-12345',-12345,-12345,'-12345',-12345,-12345,-12345,-12345),('루이텐 726-8 A','star','고래자리',1,39,1.3,-17,57,1,'12.54',12.54,12.54,'14.92',14.92,14.92,'M6 V','-12345',-12345,-12345,'-12345',-12345,-12345,'0.11',0.11,0.11,'0.15',0.15,0.15,'0.00006',0.0001,0.0001,'2840',2840,2840,-12345,-12345),('루이텐 726-8 B','star','고래자리',1,39,1.3,-17,57,1,'12.99',12.99,12.99,'15.37',15.37,15.37,'M5.5 V','-12345',-12345,-12345,'-12345',-12345,-12345,'0.10',0.1,0.1,'0.15',0.15,0.15,'0.00004',0,0,'2,670',2670,2670,-12345,-12345),('고래자리 YZ','star','고래자리',1,12,30.6,-16,59,56,'12.10',12.1,12.1,'14.25',14.25,14.25,'M4.5V','268.84± 2.95',265.89,271.79,'-12345',-12345,-12345,'-12345',-12345,-12345,'-12345',-12345,-12345,'-12345',-12345,-12345,'-12345',-12345,-12345,-12345,-12345),('스트루베 2398 A','star','용자리',18,42,46.7,59,37,49,'8.94',8.94,8.94,'11.20',11.2,11.2,'M3 V','-12345',-12345,-12345,'-12345',-12345,-12345,'0.36',0.36,0.36,'0.54',0.54,0.54,'0.00027',0.0003,0.0003,'2.000~3.500',2,3.5,-12345,-12345),('스트루베 2398 B','star','용자리',18,42,46.9,59,37,36,'9.70',9.7,9.7,'11.96',11.96,11.96,'M3.5 V','-12345',-12345,-12345,'-12345',-12345,-12345,'0.30',0.3,0.3,'0.55',0.55,0.55,'0.00013',0.0001,0.0001,'2.000~3.500',2,3.5,-12345,-12345),('울프 424 A','star','처녀자리',12,30,17.2,9,1,15,'13.18',13.18,13.18,'14.28',14.28,14.28,'M5.5 V','227.90± 4.60',223.3,232.5,'-12345',-12345,-12345,'-12345',-12345,-12345,'-12345',-12345,-12345,'-12345',-12345,-12345,'-12345',-12345,-12345,-12345,-12345),('울프 424 B','star','처녀자리',12,30,17.2,9,1,15,'13.17',13.17,13.17,'14.28',14.28,14.28,'M7','227.90± 4.60',223.3,232.5,'-12345',-12345,-12345,'-12345',-12345,-12345,'-12345',-12345,-12345,'-12345',-12345,-12345,'-12345',-12345,-12345,-12345,-12345),('글리제 1245 A','star','고니자리',19,53,54.492,44,24,53.41,'13.41',13.41,13.41,'15.31',15.31,15.31,'M5.5','215± 3',212,218,'-12345',-12345,-12345,'0.10',0.1,0.1,'0.15',0.15,0.15,'0.000084',0.0001,0.0001,'2840',2840,2840,-12345,-12345),('글리제 1245 B','star','고니자리',19,53,54.492,44,24,53.41,'14.01',14.01,14.01,'15.72',15.72,15.72,'M6','215± 3',212,218,'-12345',-12345,-12345,'0.095',0.095,0.095,'0.14',0.14,0.14,'0.000048',0,0,'2680',2680,2680,-12345,-12345),('글리제 1245 C','star','고니자리',19,53,54.492,44,24,53.41,'16.75',16.75,16.75,'18.46',18.46,18.46,'','215± 3',212,218,'-12345',-12345,-12345,'0.095',0.095,0.095,'0.14',0.14,0.14,'0.000048',0,0,'2680',2680,2680,-12345,-12345),('글리제 440','star','파리자리',11,45,42.9205,-64,50,29.459,'11.50',11.5,11.5,'-12345',-12345,-12345,'DQ6','216.40± 2.11',214.29,218.51,'-12345',-12345,-12345,'0.75± 0.03',0.72,0.78,'-12345',-12345,-12345,'0.0005',0.0005,0.0005,'8,500± 300',8200,8800,-12345,-12345),('울프 1061','star','뱀주인자리',16,30,18.1,-12,39,45,'10.10',10.1,10.1,'11.96',11.96,11.96,'M3 V','236.01± 1.67',234.34,237.68,'-12345',-12345,-12345,'-12345',-12345,-12345,'-12345',-12345,-12345,'-12345',-12345,-12345,'-12345',-12345,-12345,-12345,-12345),('고니자리 61 A','star','고니자리',21,6,53.9434,38,44,57.898,'5.21',5.21,5.21,'7.48',7.48,7.48,'K5 V','287.18± 1.51',285.67,288.69,'-12345',-12345,-12345,'0.70',0.7,0.7,'0.72',0.72,0.72,'0.085',0.085,0.085,'4,640',4640,4640,-12345,-12345),('고니자리 61 B','star','고니자리',21,6,53.9434,38,44,31.4,'6.03',6.03,6.03,'8.33',8.33,8.33,'K7 V','287.18± 1.51',285.67,288.69,'-12345',-12345,-12345,'0.63',0.63,0.63,'0.67',0.67,0.67,'0.039',0.039,0.039,'4,440',4440,4440,-12345,-12345),('글리제 570 A','star','천칭자리',14,57,28,-21,24,55,'5.64',5.64,5.64,'6.79',6.79,6.79,'K4V','169.85± 0.82',169.03,170.67,'-12345',-12345,-12345,'0.76',0.76,0.76,'0.77',0.77,0.77,'0.16',0.16,0.16,'4170',4170,4170,-12345,-12345),('글리제 570 B','star','천칭자리',14,57,28,-21,24,55,'-12345',-12345,-12345,'-12345',-12345,-12345,'M1V','169.85± 0.82',169.03,170.67,'-12345',-12345,-12345,'0.55',0.55,0.55,'0.65',0.65,0.65,'0.02',0.02,0.02,'2700',2700,2700,-12345,-12345),('글리제 570 C','star','천칭자리',14,57,28,-21,24,55,'9.90',9.9,9.9,'11.05',11.05,11.05,'M3V','169.85± 0.82',169.03,170.67,'-12345',-12345,-12345,'0.35',0.35,0.35,'-12345',-12345,-12345,'0.003',0.003,0.003,'-12345',-12345,-12345,-12345,-12345),('글리제 570 D','star','천칭자리',14,57,28,-21,24,55,'9.90',9.9,9.9,'11.05',11.05,11.05,'T7V','169.85± 0.82',169.03,170.67,'-12345',-12345,-12345,'0.05',0.05,0.05,'-12345',-12345,-12345,'0.000003',0,0,'-12345',-12345,-12345,-12345,-12345),('아키르드 A','star','카시오페이아자리',0,49,6.2912,57,48,54.674,'3.45',3.45,3.45,'4.59',4.59,4.59,'G0 V','167.99± 0.62',167.37,168.61,'-12345',-12345,-12345,'0.95',0.95,0.95,'1.01',1.01,1.01,'1.29',1.29,1.29,'6,087',6087,6087,-12345,-12345),('아키르드 B','star','카시오페이아자리',0,49,6.2912,57,48,54.674,'7.51',7.51,7.51,'8.64',8.64,8.64,'K7 V','167.99± 0.62',167.37,168.61,'-12345',-12345,-12345,'0.62',0.62,0.62,'0.66',0.66,0.66,'0.06',0.06,0.06,'4,036',4036,4036,-12345,-12345),('글리제 783 A','star','궁수자리',20,11,11.9,-36,6,4,'5.31',5.31,5.31,'6.40',6.4,6.4,'K2 V','165.33± 0.90',164.43,166.23,'-12345',-12345,-12345,'0.82',0.82,0.82,'0.71',0.71,0.71,'0.23',0.23,0.23,'-12345',-12345,-12345,-12345,-12345),('글리제 783 B','star','궁수자리',20,11,11.9,-36,6,4,'11.5',11.5,11.5,'12.6',12.6,12.6,'M3.5V','165.33± 0.90',164.43,166.23,'-12345',-12345,-12345,'0.20',0.2,0.2,'0.28',0.28,0.28,'0.000077',0.0001,0.0001,'-12345',-12345,-12345,-12345,-12345),('에리다누스자리 40 A','star','에리다누스자리',4,15,16.32,-7,39,10.34,'4.43',4.43,4.43,'5.92',5.92,5.92,'K1V','198.26± 0.84',197.42,199.1,'16.45± 0.07',16.38,16.52,'0.84',0.84,0.84,'0.81',0.81,0.81,'0.4',0.4,0.4,'5,300',5300,5300,-12345,-12345),('에리다누스자리 40 B','star','에리다누스자리',4,15,21.786,-7,39,29.22,'9.52',9.52,9.52,'11.01',11.01,11.01,'DA4','198.26± 0.84',197.42,199.1,'16.45± 0.07',16.38,16.52,'0.50',0.5,0.5,'0.014',0.014,0.014,'0.013',0.013,0.013,'16,500',16500,16500,-12345,-12345),('에리다누스자리 40 C','star','에리다누스자리',4,15,21.5,-7,39,22.3,'11.17',11.17,11.17,'12.66',12.66,12.66,'M4.5eV','198.26± 0.84',197.42,199.1,'16.45± 0.07',16.38,16.52,'0.20',0.2,0.2,'0.31',0.31,0.31,'0.008',0.008,0.008,'3,100',3100,3100,-12345,-12345),('물뱀자리 베타','star','물뱀자리',0,25,45.1,-77,15,15,'2.80',2.8,2.8,'3.43',3.43,3.43,'G2 IV (황색 준거성)','-12345',-12345,-12345,'24.37± 0.09',24.28,24.46,'1.1',1.1,1.1,'1.9',1.9,1.9,'3.53',3.53,3.53,'5,750',5750,5750,-12345,-12345),('남쪽물고기자리 TW','star','남쪽물고기자리',22,56,24.1,-31,33,56,'6.48',6.48,6.48,'7.07',7.07,7.07,'K4-5 Ve','130.94± 0.92',130.02,131.86,'-12345',-12345,-12345,'0.81',0.81,0.81,'0.76-0.85',0.76,0.76,'0.12',0.12,0.12,'-12345',-12345,-12345,-12345,-12345),('카라','star','사냥개자리',12,33,44.5446,41,21,26.927,'4.26',4.26,4.26,'4.65',4.65,4.65,'G0 V','119.19± 0.83',118.36,120.02,'-12345',-12345,-12345,'1.08',1.08,1.08,'1.18± 0.11',1.07,1.29,'1.15',1.15,1.15,'6,045',6045,6045,-12345,-12345),('알기에바 A','star','사자자리',10,19,58.3,19,50,30,'1.98',1.98,1.98,'-0.92',-0.92,-0.92,'K0 IIIb','25.96± 0.83',25.13,26.79,'-12345',-12345,-12345,'1.23',1.23,1.23,'31.88',31.88,31.88,'320',320,320,'4,330',4330,4330,-12345,-12345),('알기에바 B','star','사자자리',10,19,58.3,19,50,30,'3.51',3.51,3.51,'-0.92',-0.92,-0.92,'G7 IIICN...','25.96± 0.83',25.13,26.79,'-12345',-12345,-12345,'-12345',-12345,-12345,'10',10,10,'50',50,50,'4,980',4980,4980,-12345,-12345),('글리제 876','star','물병자리',22,53,16.7,-14,15,49,'10.18',10.18,10.18,'11.34',11.34,11.34,'적색 왜성','212.59± 1.96',210.63,214.55,'15.3± 0.1',15.2,15.4,'0.32± 0.03',0.29,0.35,'0.42',0.42,0.42,'0.0138',0.0138,0.0138,'3,480± 50',3430,3530,-12345,-12345),('미자르','star','큰곰자리',13,25,13.5,54,59,17,'3.99',3.99,3.99,'2.01',2.01,2.01,'A5 V','41.73± 0.61',41.12,42.34,'81.2± 1.2',80,82.4,'-12345',-12345,-12345,'-12345',-12345,-12345,'-12345',-12345,-12345,'-12345',-12345,-12345,-12345,-12345),('처녀자리 61','star','처녀자리',13,18,24.3,-18,18,40.3,'4.74',4.74,4.74,'5.07',5.07,5.07,'G5 V','117.35± 0.69',116.66,118.04,'-12345',-12345,-12345,'0.92~0.99',0.92,0.99,'0.94',0.94,0.94,'0.85',0.85,0.85,'5,585',5585,5585,-12345,-12345),('그룸브리지 1830','star','큰곰자리',11,52,58.8,37,43,7,'6.42',6.42,6.42,'6.62',6.62,6.62,'G0 IV','109.78± 0.70',109.08,110.48,'29.7± 0.2',29.5,29.9,'0.6',0.6,0.6,'0.64',0.64,0.64,'0.19',0.19,0.19,'5,030',5030,5030,-12345,-12345),('바너드 별','star','뱀주인자리',17,57,48.5,4,41,36,'9.54',9.54,9.54,'13.22',13.22,13.22,'M4 V','546,98± 1,00',54598,54798,'5.98± 0.003',5.977,5.983,'0.15',0.15,0.15,'0.21',0.21,0.21,'0.0004',0.0004,0.0004,'3,134± 102',3032,3236,-12345,-12345),('테이블산자리 파이','star','테이블산자리',5,37,9.89,-80,28,8.84,'5.67',5.67,5.67,'4.37',4.37,4.37,'G1 IV','54.92± 0.45',54.47,55.37,'59.39',59.39,59.39,'1.1',1.1,1.1,'2.1± 0.6',1.5,2.7,'4.73',4.73,4.73,'5888',5888,5888,-12345,-12345),('물고기자리 54','star','물고기자리',0,39,21.8,21,15,1.7,'5.80',5.8,5.8,'5.65',5.65,5.65,'K0V','90.03± 0.72',89.31,90.75,'36.2± 0.3',35.9,36.5,'0.78',0.78,0.78,'0.86',0.86,0.86,'0.48',0.48,0.48,'-12345',-12345,-12345,-12345,-12345),('봉황자리 누','star','봉황자리',1,15,11,-45,31,54.01,'4.96',4.96,4.96,'4.07',4.07,4.07,'F8 V','66.43± 0.64',65.79,67.07,'-12345',-12345,-12345,'-12345',-12345,-12345,'-12345',-12345,-12345,'-12345',-12345,-12345,'-12345',-12345,-12345,-12345,-12345),('까마귀자리 알파','star','까마귀자리',12,8,24.8,-24,43,44,'4.00',4,4,'3.17',3.17,3.17,'F0 IV-V','67.71± 0.75',66.96,68.46,'-12345',-12345,-12345,'1.2',1.2,1.2,'-12345',-12345,-12345,'-12345',-12345,-12345,'7,000',7000,7000,-12345,-12345),('도마뱀자리 EV','star','도마뱀자리',22,46,49.7323,44,20,2.368,'10.30',10.3,10.3,'-12345',-12345,-12345,'M3.5 V (적색 왜성)','198.07± 2.05',196.02,200.12,'16.5',16.5,16.5,'0.16',0.16,0.16,'0.38',0.38,0.38,'0.0017',0.0017,0.0017,'-12345',-12345,-12345,-12345,-12345),('WASP-1','star','안드로메다자리',0,20,40,31,59,11.79,'11.79',11.79,11.79,'-12345',-12345,-12345,'F형 주계열성','-12345',-12345,-12345,'1030',1030,1030,'-12345',-12345,-12345,'-12345',-12345,-12345,'-12345',-12345,-12345,'-12345',-12345,-12345,-12345,-12345),('세페우스자리 감마 A','star','세페우스자리',23,39,20.8,77,37,56,'3.22',3.22,3.22,'-12345',-12345,-12345,'K1 IVe','-12345',-12345,-12345,'45± 0.3',44.7,45.3,'1.6',1.6,1.6,'4.7',4.7,4.7,'-12345',-12345,-12345,'4,900',4900,4900,-12345,-12345),('세페우스자리 감마 B','star','세페우스자리',23,39,20.8,77,37,56,'-12345',-12345,-12345,'-12345',-12345,-12345,'M1V','-12345',-12345,-12345,'45± 0.3',44.7,45.3,'0.4',0.4,0.4,'0.5',0.5,0.5,'-12345',-12345,-12345,'3,500',3500,3500,-12345,-12345),('센타우루스자리 델타','star','센타우루스자리',12,8,21.5,-50,43,21,'2.58',2.58,2.58,'-12345',-12345,-12345,'B2IVne (청백색 준거성)','-12345',-12345,-12345,'395',395,395,'-12345',-12345,-12345,'-12345',-12345,-12345,'-12345',-12345,-12345,'-12345',-12345,-12345,-12345,-12345),('아르네브','star','토끼자리',5,32,43.8,-17,49,20.3,'2.58',2.58,2.58,'-12345',-12345,-12345,'F0 Ib (황백색 초거성)','-12345',-12345,-12345,'1300',1300,1300,'8~10',8,10,'70.4',70.4,70.4,'-12345',-12345,-12345,'7,350',7350,7350,-12345,-12345),('아크라브 베타 1','star','전갈자리',16,5,26.7,-19,48,20,'2.56',2.56,2.56,'-12345',-12345,-12345,'B0.5V','-12345',-12345,-12345,'530',530,530,'-12345',-12345,-12345,'19',19,19,'3,000',3000,3000,'27,000',27000,27000,-12345,-12345),('아크라브 베타 2','star','전갈자리',16,5,26.7,-19,48,20,'4.90',4.9,4.9,'-12345',-12345,-12345,'B2V','-12345',-12345,-12345,'530',530,530,'-12345',-12345,-12345,'19',19,19,'3,000',3000,3000,'22,000',22000,22000,-12345,-12345),('조스마','star','사자자리',11,14,6.5,20,31,25.4,'2.56',2.56,2.56,'-12345',-12345,-12345,'A4 V (백색 주계열성)','-12345',-12345,-12345,'57.7',57.7,57.7,'2.2',2.2,2.2,'2',2,2,'23',23,23,'8,350',8350,8350,-12345,-12345),('뱀주인자리 제타','star','뱀주인자리',16,37,9.5,-10,34,1.4,'2.54',2.54,2.54,'-12345',-12345,-12345,'O9 V','-12345',-12345,-12345,'458',458,458,'20',20,20,'8',8,8,'68,000',68000,68000,'33,500',33500,33500,-12345,-12345),('멘카르','star','고래자리',3,2,16.8,4,5,23,'2.54',2.54,2.54,'-12345',-12345,-12345,'M1.5 IIIa (적색 거성)','-12345',-12345,-12345,'220',220,220,'3',3,3,'84',84,84,'1,800',1800,1800,'3,650',3650,3650,-12345,-12345),('페가수스자리 알파','star','페가수스자리',23,4,45.7,15,12,18.9,'2.49',2.49,2.49,'-12345',-12345,-12345,'B9 III (청백색 거성)','-12345',-12345,-12345,'140± 5',135,145,'4',4,4,'2.8',2.8,2.8,'160',160,160,'11,000',11000,11000,-12345,-12345),('기르타브','star','전갈자리',17,42,29.3,-39,1,48,'2.39',2.39,2.39,'-12345',-12345,-12345,'B1.5 III (청백색 거성)','-12345',-12345,-12345,'460',460,460,'-12345',-12345,-12345,'-12345',-12345,-12345,'-12345',-12345,-12345,'-12345',-12345,-12345,-12345,-12345),('오리온자리 V380','star','오리온자리',5,36,25.4313,-6,42,57.704,'11.4',11.4,11.4,'4.0',4,4,'A0 (주계열성)','3.72± 5.48',-1.76,9.2,'1,000',1000,1000,'3.5',3.5,3.5,'1.9',1.9,1.9,'25',25,25,'9,900',9900,9900,-12345,-12345),('허큘리스자리 14','star','허큘리스자리',16,10,23.59,43,49,18.2,'6.67',6.67,6.67,'-12345',-12345,-12345,'K0V(오렌지색 왜성)','-12345',-12345,-12345,'59',59,59,'1',1,1,'1.05',1.05,1.05,'0.75',0.75,0.75,'5250',5250,5250,-12345,-12345),('바다뱀자리 TW','star','바다뱀자리',11,1,52,-34,42,17,'11.1',11.1,11.1,'-12345',-12345,-12345,'K8V (오렌지색 왜성)','-12345',-12345,-12345,'176.245',176.245,176.245,'-12345',-12345,-12345,'-12345',-12345,-12345,'-12345',-12345,-12345,'-12345',-12345,-12345,-12345,-12345),('글리제 436','star','사자자리',11,42,11.0941,26,42,23.652,'9.54',9.54,9.54,'10.63',10.63,10.63,'M2.5 V (적색 왜성)','97.73± 2.27',95.46,100,'33.4± 0.8',32.6,34.2,'0.38± 0.05',0.33,0.43,'0.47',0.47,0.47,'0.019',0.019,0.019,'3,318',3318,3318,-12345,-12345),('XO-1','star','북쪽왕관자리',16,2,12,28,10,11,'11.3',11.3,11.3,'-12345',-12345,-12345,'G1V (황색 왜성)','-12345',-12345,-12345,'600',600,600,'1± 0.03',0.97,1.03,'1± 0.08',0.92,1.08,'-12345',-12345,-12345,'-12345',-12345,-12345,-12345,-12345),('WASP-2','star','돌고래자리',20,30,54,6,25,46,'11.98',11.98,11.98,'-12345',-12345,-12345,'K1V (오렌지색 왜성)','-12345',-12345,-12345,'469.44',469.44,469.44,'0.77± 0.11',0.66,0.88,'0.834± 0.08',0.754,0.914,'-12345',-12345,-12345,'5200± 200',5000,5400,-12345,-12345),('WASP-4','star','봉황새자리',23,34,15.06,42,3,41.1,'9.54',9.54,9.54,'-12345',-12345,-12345,'G7 V','546,98± 1,00',54598,54798,'1,000',1000,1000,'0.8997',0.8997,0.8997,'0.9370',0.937,0.937,'-12345',-12345,-12345,'5500± 150',5350,5650,-12345,-12345),('글리제 3021','star','물뱀자리',0,16,12.6755,79,51,4.254,'6.59',6.59,6.59,'-12345',-12345,-12345,'G6V','-12345',-12345,-12345,'57.47',57.47,57.47,'0.9',0.9,0.9,'0.86',0.86,0.86,'-12345',-12345,-12345,'5,417',5417,5417,-12345,-12345),('카시오페이아자리 감마','star','카시오페이아자리',0,56,42.5,60,43,0,'2.15',2.15,2.15,'-4.22',-4.22,-4.22,'B0.5 IVe (청백색 준거성)','5.32± 0.56',4.76,5.88,'610',610,610,'15',15,15,'14',14,14,'70,000',70000,70000,'25,000',25000,25000,-12345,-12345),('센타우루스자리 감마','star','센타우루스자리',12,41,31,-48,57,35,'2.2',2.2,2.2,'-0.8',-0.8,-0.8,'A0III','25.01± 1.01',24,26.02,'5.98± 0.003',5.977,5.983,'2.8',2.8,2.8,'-12345',-12345,-12345,'-12345',-12345,-12345,'9,300',9300,9300,-12345,-12345),('용골자리 이오타','star','용골자리',9,17,5.4,-59,16,31,'2.21',2.21,2.21,'-4.46',-4.46,-4.46,'A8 Ib','4.71± 0.46',4.25,5.17,'690± 70',620,760,'-12345',-12345,-12345,'-12345',-12345,-12345,'-12345',-12345,-12345,'-12345',-12345,-12345,-12345,-12345),('북쪽왕관자리 알파 1','star','북쪽왕관자리',15,34,41.3,26,42,53,'2.15',2.15,2.15,'0.18',0.18,0.18,'B9 IV','43.65± 0.79',42.86,44.44,'75± 1',74,76,'2.55',2.55,2.55,'2.7',2.7,2.7,'60',60,60,'10,300',10300,10300,-12345,-12345),('북쪽왕관자리 알파 2','star','북쪽왕관자리',15,34,41.3,26,42,53,'2.15',2.15,2.15,'5.0',5,5,'G5 V','43.65± 0.79',42.86,44.44,'75± 1',74,76,'0.9',0.9,0.9,'1.0',1,1,'0.7',0.7,0.7,'5,400',5400,5400,-12345,-12345),('고니자리 감마','star','고니자리',20,22,13.7,40,15,24,'2.23',2.23,2.23,'-6.12',-6.12,-6.12,'F8 Ib','2.43± 0.51',1.92,2.94,'1300',1300,1300,'12',12,12,'225',225,225,'65,000',65000,65000,'6,500',6500,6500,-12345,-12345),('카시오페이아자리 알파','star','카시오페이아자리',0,40,30.5,56,32,14.5,'2.24',2.24,2.24,'-1.99',-1.99,-1.99,'K0 IIIa','14.27± 0.57',13.7,14.84,'229± 9',220,238,'4~5',4,5,'42',42,42,'855',855,855,'4,530',4530,4530,-12345,-12345),('용자리 감마','star','용자리',17,56,36.4,51,29,20.3,'2.24',2.24,2.24,'-1.04',-1.04,-1.04,'K5 III','22.10± 0.46',21.64,22.56,'148± 3',145,151,'1.7',1.7,1.7,'50',50,50,'4,000',4000,4000,'4,000',4000,4000,-12345,-12345),('전갈자리 델타','star','전갈자리',16,0,20,-22,37,18,'2.29',2.29,2.29,'-3.16',-3.16,-3.16,'B0.2 IV','8.12± 0.88',7.24,9,'400',400,400,'-12345',-12345,-12345,'5',5,5,'14,000',14000,14000,'28,000',28000,28000,-12345,-12345),('전갈자리 엡실론 (웨이)','star','전갈자리',16,50,9.8,-34,17,36,'2.29',2.29,2.29,'0.78',0.78,0.78,'K2 IIIb','49.85± 0.81',49.04,50.66,'65± 1',64,66,'-12345',-12345,-12345,'-12345',-12345,-12345,'-12345',-12345,-12345,'-12345',-12345,-12345,-12345,-12345),('이리자리 알파','star','이리자리',14,41,55.8,-47,23,18,'2.30',2.3,2.3,'-3.83',-3.83,-3.83,'B1.5 III','5.95± 0.76',5.19,6.71,'550',550,550,'10~11',10,11,'10',10,10,'18,000',18000,18000,'21,600',21600,21600,-12345,-12345),('센타우루스자리 에타','star','센타우루스자리',14,35,30.4,-42,9,28,'2.33',2.33,2.33,'-2.54',-2.54,-2.54,'B1.5Vne','10.57± 0.83',9.74,11.4,'310± 20',290,330,'8.5~10.5',8.5,10.5,'5~6',5,6,'6,000',6000,6000,'20,000',20000,20000,-12345,-12345),('큰곰자리 베타','star','큰곰자리',11,1,50.5,56,22,57,'2.34',2.34,2.34,'0.41',0.41,0.41,'A1V','41.07± 0.60',40.47,41.67,'79± 1',78,80,'3',3,3,'2',2,2,'69',69,69,'9,800',9800,9800,-12345,-12345),('큰곰자리 감마','star','큰곰자리',11,53,49.8,53,41,41,'2.41',2.41,2.41,'0.36',0.36,0.36,'A0Ve SB','38.99± 0.68',38.31,39.67,'84± 1',83,85,'2.7',2.7,2.7,'3',3,3,'72',72,72,'9,500',9500,9500,-12345,-12345),('큰개자리 에타','star','큰개자리',7,24,11.1,-29,18,11,'2.45',2.45,2.45,'-7.51',-7.51,-7.51,'B5 Ia','1.02± 0.57',0.45,1.59,'3,000',3000,3000,'15',15,15,'32.6',32.6,32.6,'100,000',100000,100000,'18,000',18000,18000,-12345,-12345),('돛자리 카파','star','돛자리',9,22,6.8,-55,0,39,'2.47',2.47,2.47,'-3.62',-3.62,-3.62,'B2 IV-V','6.05± 0.48',5.57,6.53,'540± 40',500,580,'-12345',-12345,-12345,'-12345',-12345,-12345,'-12345',-12345,-12345,'-12345',-12345,-12345,-12345,-12345),('고니자리 엡실론','star','고니자리',20,46,12.7,33,58,12.9,'2.50',2.5,2.5,'1.08',1.08,1.08,'K0 III','45.26± 0.53',44.73,45.79,'72.1± 0.8',71.3,72.9,'2~4',2,4,'12~16',12,16,'40~61',40,61,'4,675',4675,4675,-12345,-12345),('허큘리스자리 제타 1','star','허큘리스자리',16,41,17.16,31,36,9.8,'2.89',2.89,2.89,'2.72',2.72,2.72,'G2 IV','92.64± 0.60',92.04,93.24,'35.2± 0.2',35,35.4,'1.41',1.41,1.41,'2.5',2.5,2.5,'6.5',6.5,6.5,'5850',5850,5850,-12345,-12345),('허큘리스자리 제타 2','star','허큘리스자리',16,41,17.16,31,36,9.8,'2.89',2.89,2.89,'2.72',2.72,2.72,'G9 V','92.64± 0.60',92.04,93.24,'35.2± 0.2',35,35.4,'0.85',0.85,0.85,'0.92',0.92,0.92,'0.85',0.85,0.85,'5420',5420,5420,-12345,-12345),('삼각형자리 델타','star','삼각형자리',2,17,3.2,34,13,27,'4.84',4.84,4.84,'4.67',4.67,4.67,'G0.5Ve','92.41± 0.82',91.59,93.23,'35.3± 0.3',35,35.6,'1.09',1.09,1.09,'0.98',0.98,0.98,'1.1',1.1,1.1,'6,000',6000,6000,-12345,-12345),('글리제 505','star','머리털자리',13,16,51.1,17,1,1.8,'6.61',6.61,6.61,'5.98',5.98,5.98,'K2 V','88.69± 0.98',87.71,89.67,'36.8± 0.4',36.4,37.2,'-12345',-12345,-12345,'-12345',-12345,-12345,'-12345',-12345,-12345,'-12345',-12345,-12345,-12345,-12345),('에리다누스자리 58','star','에리다누스자리',4,47,36.29,-16,56,4,'5.50',5.5,5.5,'5.01',5.01,5.01,'G3 V','75.10± 0.80',74.3,75.9,'43.4± 0.5',42.9,43.9,'0.96',0.96,0.96,'0.96',0.96,0.96,'0.96',0.96,0.96,'5,830',5830,5830,-12345,-12345),('큰곰자리 세타','star','큰곰자리',9,32,51.4,51,40,38,'3.17',3.17,3.17,'2.52',2.52,2.52,'F6 IV','74.15± 0.74',73.41,74.89,'44± 0.4',43.6,44.4,'1.5~1.6',1.5,1.6,'-12345',-12345,-12345,'7.6',7.6,7.6,'6,400',6400,6400,-12345,-12345),('황소자리 10','star','황소자리',3,36,52.38,0,24,6,'4.28',4.28,4.28,'3.59',3.59,3.59,'F9 IV-V','72.89± 0.78',72.11,73.67,'44.7± 0.5',44.2,45.2,'1.6',1.6,1.6,'1.6',1.6,1.6,'3',3,3,'-12345',-12345,-12345,-12345,-12345),('물고기자리 이오타','star','물고기자리',23,39,57.04,5,37,34.65,'4.13',4.13,4.13,'3.43',3.43,3.43,'F7V','72.51± 0.88',71.63,73.39,'45± 0.5',44.5,45.5,'-12345',-12345,-12345,'-12345',-12345,-12345,'-12345',-12345,-12345,'-12345',-12345,-12345,-12345,-12345),('WR 102ka','star','궁수자리',17,46,18.12,-29,1,36.5,'-12345',-12345,-12345,'-12345',-12345,-12345,'WN10','-12345',-12345,-12345,'26,000',26000,26000,'175',175,175,'100',100,100,'3,200,000',3200000,3200000,'-12345',-12345,-12345,-12345,-12345),('물고기자리 109','star','물고기자리',1,44,55.8246,20,4,59.338,'6.292',6.292,6.292,'3.72',3.72,3.72,'G5IV (준거성)','30.71± 0.81',29.9,31.52,'106',106,106,'1.1± 0.03',1.07,1.13,'1.85± 0.08',1.77,1.93,'2.97',2.97,2.97,'5614± 80',5534,5694,-12345,-12345),('물뱀자리 에타2','star','물뱀자리',1,54,56,-67,38,50,'4.68',4.68,4.68,'0.57',0.57,0.57,'G8.5III','15.04± .49 .40 1',14.55,15.53,'216.89',216.89,216.89,'1.91',1.91,1.91,'10.09',10.09,10.09,'55.5',55.5,55.5,'4,970',4970,4970,-12345,-12345),('오리온자리 키1','star','오리온자리',5,54,23,20,16,34,'4.39',4.39,4.39,'4.67',4.67,4.67,'G0 V','113.58± 0.69',112.89,114.27,'28.7± 0.2',28.5,28.9,'1',1,1,'1.05',1.05,1.05,'1.08',1.08,1.08,'5,940',5940,5940,-12345,-12345),('거문고자리 베타 1','star','거문고자리',18,50,4.8,33,21,46,'3.52',3.52,3.52,'-3.91',-3.91,-3.91,'B7Ve','3.70± 0.52',3.18,4.22,'900',900,900,'12',12,12,'19',19,19,'2,500',2500,2500,'13,000',13000,13000,-12345,-12345),('거문고자리 베타 2','star','거문고자리',18,50,4.8,33,21,46,'3.52',3.52,3.52,'-3.91',-3.91,-3.91,'A8Vp','3.70± 0.52',3.18,4.22,'900',900,900,'2',2,2,'15',15,15,'230',230,230,'8,000',8000,8000,-12345,-12345),('고물자리 크시','star','고물자리',7,49,17.7,-24,51,35,'3.34',3.34,3.34,'-4.74',-4.74,-4.74,'G6 Iab-Ib','2.42± 0.74',1.68,3.16,'1,300',1300,1300,'8~10',8,10,'120',120,120,'8,300',8300,8300,'4,990',4990,4990,-12345,-12345),('염소자리 프시','star','염소자리',20,46,5.73,-25,16,15.2,'4.15',4.15,4.15,'3.32',3.32,3.32,'F5 V','68.16',68.16,68.16,'47.9± 0.6',47.3,48.5,'-12345',-12345,-12345,'-12345',-12345,-12345,'-12345',-12345,-12345,'-12345',-12345,-12345,-12345,-12345),('전갈자리 18','star','전갈자리',16,15,37,-8,22,6,'5.50',5.5,5.5,'4.77',4.77,4.77,'G2 Va','71.30± 0.89',70.41,72.19,'45.7± 0.6',45.1,46.3,'1.01± 0.03',0.98,1.04,'1.02~1.03',1.02,1.03,'1.08',1.08,1.08,'5800',5800,5800,-12345,-12345),('큰곰자리 파이1','star','큰곰자리',8,39,11.7,65,1,15,'5.63',5.63,5.63,'4.86',4.86,4.86,'G1.5Vb','70.07± 0.71',69.36,70.78,'46.5± 0.5',46,47,'1.08',1.08,1.08,'-12345',-12345,-12345,'0.89',0.89,0.89,'5,860',5860,5860,-12345,-12345),('알키오네','star','황소자리',3,47,29.1,24,6,18,'2.89',2.89,2.89,'-12345',-12345,-12345,'B7IIIe','-12345',-12345,-12345,'440',440,440,'-12345',-12345,-12345,'-12345',-12345,-12345,'-12345',-12345,-12345,'-12345',-12345,-12345,-12345,-12345),('아틀라스 A','star','황소자리',3,49,9.7,24,3,12,'3.62',3.62,3.62,'-2.55',-2.55,-2.55,'B8 III','8.57± 1.03',7.54,9.6,'381',381,381,'-12345',-12345,-12345,'-12345',-12345,-12345,'-12345',-12345,-12345,'-12345',-12345,-12345,-12345,-12345),('엘렉트라','star','황소자리',3,44,52.5,24,6,48,'3.72',3.72,3.72,'-12345',-12345,-12345,'B6III','-12345',-12345,-12345,'440',440,440,'-12345',-12345,-12345,'-12345',-12345,-12345,'-12345',-12345,-12345,'-12345',-12345,-12345,-12345,-12345),('마이아','star','황소자리',3,45,49.6,24,22,4,'3.87',3.87,3.87,'-1.34',-1.34,-1.34,'B8 III','9.06± 1.03',8.03,10.09,'360',360,360,'-12345',-12345,-12345,'-12345',-12345,-12345,'-12345',-12345,-12345,'-12345',-12345,-12345,-12345,-12345),('메로페','star','황소자리',3,46,19.6,23,56,54,'4.14',4.14,4.14,'-1.07',-1.07,-1.07,'B6IVe','-12345',-12345,-12345,'440',440,440,'-12345',-12345,-12345,'-12345',-12345,-12345,'-12345',-12345,-12345,'-12345',-12345,-12345,-12345,-12345),('타이게타','star','황소자리',3,45,12.5,24,28,2,'4.30',4.3,4.3,'-12345',-12345,-12345,'B6IV','-12345',-12345,-12345,'440',440,440,'-12345',-12345,-12345,'-12345',-12345,-12345,'-12345',-12345,-12345,'-12345',-12345,-12345,-12345,-12345),('플레이오네','star','황소자리',3,49,11.2,24,8,12,'5.05',5.05,5.05,'-12345',-12345,-12345,'B8Vpe','-12345',-12345,-12345,'440',440,440,'-12345',-12345,-12345,'-12345',-12345,-12345,'-12345',-12345,-12345,'-12345',-12345,-12345,-12345,-12345),('켈라에노','star','황소자리',3,44,48.2,24,17,22,'5.45',5.45,5.45,'-12345',-12345,-12345,'B7IV','-12345',-12345,-12345,'440',440,440,'-12345',-12345,-12345,'-12345',-12345,-12345,'-12345',-12345,-12345,'-12345',-12345,-12345,-12345,-12345),('글리제 250 A','star','외뿔소자리',6,52,18.05,-5,10,25.4,'6.57',6.57,6.57,'6.88',6.88,6.88,'K3 V','114.94± 0.86',114.08,115.8,'28.4± 0.2',28.2,28.6,'0.79',0.79,0.79,'0.78',0.78,0.78,'0.15',0.15,0.15,'4.600',4.6,4.6,-12345,-12345),('글리제 250 B','star','외뿔소자리',6,52,18.05,-5,10,25.4,'10.08',10.08,10.08,'6.88',6.88,6.88,'M2.5 V','114.94± 0.86',114.08,115.8,'28.4± 0.2',28.2,28.6,'0.42',0.42,0.42,'0.52',0.52,0.52,'0.15',0.15,0.15,'3380',3380,3380,-12345,-12345),('제단자리 41 A','star','제단자리',17,19,3.8337,-46,38,10.444,'5.55',5.55,5.55,'5.83',5.83,5.83,'G8 V','113.81± 1.36',112.45,115.17,'28.7± 0.3',28.4,29,'0.74',0.74,0.74,'0.58',0.58,0.58,'0.42',0.42,0.42,'5305',5305,5305,-12345,-12345),('제단자리 41 B','star','제단자리',17,19,3.8337,-46,38,10.444,'5.55',5.55,5.55,'5.83',5.83,5.83,'K7 Vp','113.81± 1.36',112.45,115.17,'28.7± 0.3',28.4,29,'-12345',-12345,-12345,'-12345',-12345,-12345,'-12345',-12345,-12345,'-12345',-12345,-12345,-12345,-12345),('에리다누스자리 p A','star','에리다누스자리',1,39,47.2,-56,11,44,'5.80',5.8,5.8,'6.25',6.25,6.25,'K2V','123.90± 1.38',122.52,125.28,'26.3± 0.3',26,26.6,'0.88',0.88,0.88,'0.79',0.79,0.79,'0.28',0.28,0.28,'-12345',-12345,-12345,-12345,-12345),('에리다누스자리 p B','star','에리다누스자리',1,39,47.2,-56,11,44,'5.90',5.9,5.9,'6.35',6.35,6.35,'K3V','123.90± 1.38',122.52,125.28,'26.3± 0.3',26,26.6,'0.86',0.86,0.86,'0.6',0.6,0.6,'0.25',0.25,0.25,'-12345',-12345,-12345,-12345,-12345),('에리다누스자리 델타','star','에리다누스자리',3,43,14.9,-9,45,48,'3.54',3.54,3.54,'3.75',3.75,3.75,'준거성','110.83± 0.82',110.01,111.65,'29.4± 0.2',29.2,29.6,'1.2',1.2,1.2,'2.3~2.7',2.3,2.7,'2.8',2.8,2.8,'5,075',5075,5075,-12345,-12345),('글리제 86 A','star','에리다누스자리',2,10,14,-50,50,0,'6.17',6.17,6.17,'-12345',-12345,-12345,'K1V (오렌지색 왜성)','-12345',-12345,-12345,'35.9',35.9,35.9,'-12345',-12345,-12345,'-12345',-12345,-12345,'-12345',-12345,-12345,'-12345',-12345,-12345,-12345,-12345),('뱀자리 감마','star','뱀자리',15,56,27.2,15,39,42,'3.85',3.85,3.85,'3.62',3.62,3.62,'F6 V','89.92± 0.72',89.2,90.64,'-12345',-12345,-12345,'1.25',1.25,1.25,'1.4',1.4,1.4,'2.9',2.9,2.9,'6280',6280,6280,-12345,-12345),('글리제 320','star','돛자리',8,43,18,-38,52,56.5,'6.55',6.55,6.55,'6.45',6.45,6.45,'K2 V','89.80± 0.56',89.24,90.36,'-12345',-12345,-12345,'-12345',-12345,-12345,'-12345',-12345,-12345,'-12345',-12345,-12345,'-12345',-12345,-12345,-12345,-12345),('글리제 370','star','돛자리',9,51,7.1,-43,30,10,'7.66',7.66,7.66,'7.69',7.69,7.69,'K5 V','89.75± 0.82',88.93,90.57,'-12345',-12345,-12345,'-12345',-12345,-12345,'-12345',-12345,-12345,'-12345',-12345,-12345,'-12345',-12345,-12345,-12345,-12345),('황소자리 18','star','황소자리',3,45,9.7391,24,50,21.336,'5.66',5.66,5.66,'-12345',-12345,-12345,'B8V','8.87± 0.89',7.98,9.76,'367.53',367.53,367.53,'-12345',-12345,-12345,'-12345',-12345,-12345,'-12345',-12345,-12345,'-12345',-12345,-12345,-12345,-12345),('작은사자자리 11 A','star','작은사자자리',9,35,39.5,35,48,36.48,'5.41',5.41,5.41,'5.16',5.16,5.16,'G8V','89.45± 0.78',88.67,90.23,'-12345',-12345,-12345,'1.05',1.05,1.05,'-12345',-12345,-12345,'-12345',-12345,-12345,'-12345',-12345,-12345,-12345,-12345),('작은사자자리 11 B','star','작은사자자리',9,35,39.5,35,48,36.48,'13.0',13,13,'12.8',12.8,12.8,'M5V','89.45± 0.78',88.67,90.23,'-12345',-12345,-12345,'-12345',-12345,-12345,'-12345',-12345,-12345,'-12345',-12345,-12345,'-12345',-12345,-12345,-12345,-12345),('페르세우스자리 세타 A','star','페르세우스자리',2,44,11.99,49,13,42.4,'4.12',4.12,4.12,'3.89',3.89,3.89,'F7V','89.03± 0.79',88.24,89.82,'-12345',-12345,-12345,'1.14',1.14,1.14,'-12345',-12345,-12345,'2.82',2.82,2.82,'-12345',-12345,-12345,-12345,-12345),('페르세우스자리 세타 B','star','페르세우스자리',2,44,11.99,49,13,42.4,'10',10,10,'9.8',9.8,9.8,'M1V','89.03± 0.79',88.24,89.82,'-12345',-12345,-12345,'-12345',-12345,-12345,'-12345',-12345,-12345,'-12345',-12345,-12345,'-12345',-12345,-12345,-12345,-12345),('Eta Bootis','star','목동자리',13,54,41.1,18,23,55,'2.68',2.68,2.68,'2.38',2.38,2.38,'G0 IV','88.17± 0.75',87.42,88.92,'-12345',-12345,-12345,'-12345',-12345,-12345,'-12345',-12345,-12345,'-12345',-12345,-12345,'-12345',-12345,-12345,-12345,-12345),('글리제 902','star','인디언자리',23,39,36.83,-72,43,19.8,'7.09',7.09,7.09,'7.29',7.29,7.29,'K3 V','87.88± 0.64',87.24,88.52,'-12345',-12345,-12345,'-12345',-12345,-12345,'-12345',-12345,-12345,'-12345',-12345,-12345,'-12345',-12345,-12345,-12345,-12345),('글리제 169','star','황소자리',4,29,0.1,21,55,21.7,'8.29',8.29,8.29,'7.95',7.95,7.95,'K7 V','87.07± 1.02',86.05,88.09,'-12345',-12345,-12345,'-12345',-12345,-12345,'-12345',-12345,-12345,'-12345',-12345,-12345,'-12345',-12345,-12345,-12345,-12345),('목동자리 DE A','star','목동자리',14,53,23.8,19,9,10.1,'6.00',6,6,'5.68',5.68,5.68,'K2 V','86.68± 0.80',85.88,87.48,'-12345',-12345,-12345,'-12345',-12345,-12345,'-12345',-12345,-12345,'-12345',-12345,-12345,'-12345',-12345,-12345,-12345,-12345),('목동자리 DE B','star','목동자리',14,53,23.8,19,9,10.1,'6.00',6,6,'5.68',5.68,5.68,'-12345','86.68± 0.80',85.88,87.48,'-12345',-12345,-12345,'-12345',-12345,-12345,'-12345',-12345,-12345,'-12345',-12345,-12345,'-12345',-12345,-12345,-12345,-12345),('황새치자리 제타','star','황새치자리',5,5,30.7,-57,28,21.8,'4.68',4.68,4.68,'4.36',4.36,4.36,'F7 V','85.83± 0.46',85.37,86.29,'-12345',-12345,-12345,'-12345',-12345,-12345,'-12345',-12345,-12345,'-12345',-12345,-12345,'-12345',-12345,-12345,-12345,-12345),('뱀자리 람다','star','뱀자리',15,46,26.6,7,21,11,'4.42',4.42,4.42,'4.07',4.07,4.07,'G0 Vvar','85.08± 0.8',84.28,85.88,'-12345',-12345,-12345,'-12345',-12345,-12345,'-12345',-12345,-12345,'-12345',-12345,-12345,'-12345',-12345,-12345,-12345,-12345),('페가수스자리 이오타 A','star','페가수스자리',22,7,0.67,25,20,42.4,'3.86',3.86,3.86,'3.46',3.46,3.46,'F5V','83',83,83,'39',39,39,'-12345',-12345,-12345,'-12345',-12345,-12345,'-12345',-12345,-12345,'-12345',-12345,-12345,-12345,-12345),('페가수스자리 이오타 B','star','페가수스자리',22,7,0.67,25,20,42.4,'6.36',6.36,6.36,'5.96',5.96,5.96,'G9V','83',83,83,'39',39,39,'-12345',-12345,-12345,'-12345',-12345,-12345,'-12345',-12345,-12345,'-12345',-12345,-12345,-12345,-12345),('처녀자리 감마 A','star','처녀자리',12,41,39.6,-1,26,58,'2.74',2.74,2.74,'2.38',2.38,2.38,'F0 V','84.53± 1.18',83.35,85.71,'-12345',-12345,-12345,'-12345',-12345,-12345,'-12345',-12345,-12345,'-12345',-12345,-12345,'-12345',-12345,-12345,-12345,-12345),('처녀자리 감마 B','star','처녀자리',12,41,39.6,-1,26,58,'3.50',3.5,3.5,'3.14',3.14,3.14,'F0 V','84.53± 1.18',83.35,85.71,'-12345',-12345,-12345,'-12345',-12345,-12345,'-12345',-12345,-12345,'-12345',-12345,-12345,'-12345',-12345,-12345,-12345,-12345),('글리제 542','star','센타우루스자리',14,19,4.8348,59,22,44.533,'6.66',6.66,6.66,'-12345',-12345,-12345,'K3 IV','84.50± 0.79',83.71,85.29,'-12345',-12345,-12345,'-12345',-12345,-12345,'-12345',-12345,-12345,'-12345',-12345,-12345,'4,965',4965,4965,-12345,-12345),('그물자리 제타 1','star','그물자리',3,17,46.2,-62,34,31,'5.54',5.54,5.54,'5.12',5.12,5.12,'G2.5 V','82.51± 0.54',81.97,83.05,'39.51',39.51,39.51,'0.93',0.93,0.93,'0.91',0.91,0.91,'0.79',0.79,0.79,'5720',5720,5720,-12345,-12345),('그물자리 제타 2','star','그물자리',3,18,12.8,-62,30,22.9,'5.24',5.24,5.24,'4.83',4.83,4.83,'G1 V','82.79± 0.53',82.26,83.32,'39.38',39.38,39.38,'0.99',0.99,0.99,'0.99',0.99,0.99,'1.02',1.02,1.02,'5840',5840,5840,-12345,-12345),('남쪽삼각형자리 제타','star','남쪽삼각형자리',16,28,28.1,-70,5,4,'4.90',4.9,4.9,'4.49',4.49,4.49,'F9 V (F6V+G1V)','82.61± 0.57',82.04,83.18,'-12345',-12345,-12345,'-12345',-12345,-12345,'-12345',-12345,-12345,'-12345',-12345,-12345,'-12345',-12345,-12345,-12345,-12345),('남쪽삼각형자리 베타 A','star','남쪽삼각형자리',15,55,8.5,-63,25,50,'2.83',2.83,2.83,'2.38',2.38,2.38,'F2 III','81.24± 0.62',80.62,81.86,'-12345',-12345,-12345,'-12345',-12345,-12345,'-12345',-12345,-12345,'-12345',-12345,-12345,'-12345',-12345,-12345,-12345,-12345),('페가수스자리 85 A','star','페가수스자리',0,2,10,27,4,56,'5.75',5.75,5.75,'5.28',5.28,5.28,'G5Vb','80.63± 3.03',77.6,83.66,'40.5',40.5,40.5,'0.88',0.88,0.88,'0.91',0.91,0.91,'0.61',0.61,0.61,'5550',5550,5550,-12345,-12345),('페가수스자리 85 B','star','페가수스자리',0,2,10,27,4,56,'9.01',9.01,9.01,'8.54',8.54,8.54,'K7V','80.63± 3.03',77.6,83.66,'40.5',40.5,40.5,'0.55',0.55,0.55,'0.67',0.67,0.67,'0.05',0.05,0.05,'4200',4200,4200,-12345,-12345),('마차부자리 람다 A','star','마차부자리',5,19,8.5,40,5,57,'4.69',4.69,4.69,'4.18',4.18,4.18,'G1.5 IV-VFe-1','79.08± 0.90',78.18,79.98,'-12345',-12345,-12345,'-12345',-12345,-12345,'-12345',-12345,-12345,'-12345',-12345,-12345,'-12345',-12345,-12345,-12345,-12345),('큰곰자리 36 A','star','큰곰자리',10,30,37.5798,55,58,49.931,'4.82',4.82,4.82,'4.28',4.28,4.28,'F8V (황백색 주계열성)','77.82± 0.65',77.17,78.47,'41.91',41.91,41.91,'1.2',1.2,1.2,'1.2',1.2,1.2,'-12345',-12345,-12345,'-12345',-12345,-12345,-12345,-12345),('물병자리 베타','star','물병자리',21,31,33.5341,-5,34,16.22,'2.91',2.91,2.91,'3.74',3.74,3.74,'G0Ib','5.33± 0.94',4.39,6.27,'-12345',-12345,-12345,'-12345',-12345,-12345,'-12345',-12345,-12345,'-12345',-12345,-12345,'5300~6100',5300,6100,-12345,-12345),('물병자리 감마','star','물병자리',22,21,39.3754,-1,23,14.393,'3.847',3.847,3.847,'3.815',3.815,3.815,'A0V','20.67± 1.71',18.96,22.38,'-12345',-12345,-12345,'3.1',3.1,3.1,'2.1',2.1,2.1,'40',40,40,'7,500~10,000',7500,10000,-12345,-12345),('물병자리 델타','star','물병자리',22,54,39.0125,-15,49,14.953,'3.269',3.269,3.269,'-0.18',-0.18,-0.18,'A3V','20.44± 2.26',18.18,22.7,'160',160,160,'3.1',3.1,3.1,'2.1',2.1,2.1,'40',40,40,'7,500~10,000',7500,10000,-12345,-12345),('물병자리 제타','star','물병자리',22,28,49.912,0,1,11.9,'4.42',4.42,4.42,'4.8',4.8,4.8,'F3V','13± 5',8,18,'-12345',-12345,-12345,'1.7',1.7,1.7,'1.4',1.4,1.4,'6',6,6,'6,000~7,500',6000,7500,-12345,-12345),('물병자리 에타','star','물병자리',22,35,21.3806,0,7,2.991,'4.02',4.02,4.02,'3.93',3.93,3.93,'B9IV-Vn','17.77± 0.82',16.95,18.59,'-12345',-12345,-12345,'18',18,18,'7',7,7,'20,000',20000,20000,'10,000~30,000',10000,30000,-12345,-12345),('물병자리 파이','star','물병자리',22,25,16.6232,1,22,38.642,'4.794',4.794,4.794,'-12345',-12345,-12345,'B1Ve','2.96± 0.71',2.25,3.67,'-12345',-12345,-12345,'18',18,18,'7',7,7,'20,000',20000,20000,'10,000~30,000',10000,30000,-12345,-12345),('글리제 849','star','물병자리',22,9,40.346,-4,38,26.624,'10.42',10.42,10.42,'10.70',10.7,10.7,'M3.5V','113.97± 2.10',111.87,116.07,'28.618± 0.7',27.918,29.318,'0.36',0.36,0.36,'0.52± 0.07',0.45,0.59,'0.0045',0.0045,0.0045,'2,000~3,500',2000,3500,-12345,-12345),('사냥개자리 AM','star','사냥개자리',12,34,54.58,37,37,43.4,'14.18',14.18,14.18,'-12345',-12345,-12345,'','1.65± 0.30',1.35,1.95,'-12345',-12345,-12345,'0.68± 0.06',0.62,0.74,'-12345',-12345,-12345,'-12345',-12345,-12345,'-12345',-12345,-12345,-12345,-12345),('천칭자리 베타','star','천칭자리',15,17,0.47,-9,22,58.3,'2.61',2.61,2.61,'-0.84',-0.84,-0.84,'B8V','20.38± 0.87',19.51,21.25,'160± 7',153,167,'-12345',-12345,-12345,'1.2',1.2,1.2,'130',130,130,'12,000',12000,12000,-12345,-12345),('글리제 710','star','뱀자리',18,19,51,-1,56.4,0,'9.65~9.69',9.65,9.69,'8.7± 0.3',8.4,9,'K7 V (오렌지색 왜성)','51.8',51.8,51.8,'63',63,63,'0.47',0.47,0.47,'-12345',-12345,-12345,'0.048',0.048,0.048,'4,000',4000,4000,-12345,-12345),('바다뱀자리 베타','star','바다뱀자리',11,52,54.5205,-33,54,29.248,'4.67',4.67,4.67,'-12345',-12345,-12345,'B9IIIsp','8.93± 0.88',8.05,9.81,'365',365,365,'3.3',3.3,3.3,'4',4,4,'210',210,210,'11,000',11000,11000,-12345,-12345),('고메이사','star','작은개자리',7,27,9,8,17,22,'2.89',2.89,2.89,'-0.7',-0.7,-0.7,'B8Ve','-12345',-12345,-12345,'170',170,170,'3',3,3,'4',4,4,'250',250,250,'11,500',11500,11500,-12345,-12345),('황새치자리 AB A','star','황새치자리',5,28,44.828,-65,26,54.85,'6.93',6.93,6.93,'6.06',6.06,6.06,'K1IIIp','66.92± 0.54',66.38,67.46,'-12345',-12345,-12345,'0.76',0.76,0.76,'-12345',-12345,-12345,'-12345',-12345,-12345,'-12345',-12345,-12345,-12345,-12345),('황새치자리 AB B','star','황새치자리',5,28,44.828,-65,26,54.85,'13.0',13,13,'6.06',6.06,6.06,'dM3-4e','66.92± 0.54',66.38,67.46,'-12345',-12345,-12345,'-12345',-12345,-12345,'-12345',-12345,-12345,'-12345',-12345,-12345,'-12345',-12345,-12345,-12345,-12345),('황새치자리 AB C','star','황새치자리',5,28,44.828,-65,26,54.85,'13.0',13,13,'6.06',6.06,6.06,'M8','66.92± 0.54',66.38,67.46,'-12345',-12345,-12345,'0.089',0.089,0.089,'-12345',-12345,-12345,'-12345',-12345,-12345,'-12345',-12345,-12345,-12345,-12345),('토끼자리 제타','star','토끼자리',5,46,57.3,-14,49,19,'3.55',3.55,3.55,'1.89',1.89,1.89,'A2-3Vann','46.47± 0.68',45.79,47.15,'70.2',70.2,70.2,'2',2,2,'1.7',1.7,1.7,'15',15,15,'9,000',9000,9000,-12345,-12345),('WOH G64','star','황새치자리',4,55,10.49,-68,20,29.8,'9.69',9.69,9.69,'-9.8',-9.8,-9.8,'M5~7.5 Ia','-12345',-12345,-12345,'163,000',163000,163000,'16~22',16,22,'2,000',2000,2000,'280,000',280000,280000,'3,200',3200,3200,-12345,-12345),('거문고자리 RR','star','',19,25,27.9129,42,47,3.696,'7.13',7.13,7.13,'-12345',-12345,-12345,'F5','4.38± 0.59',3.79,4.97,'-12345',-12345,-12345,'-12345',-12345,-12345,'-12345',-12345,-12345,'-12345',-12345,-12345,'-12345',-12345,-12345,-12345,-12345),('세페우스자리 RW','star','세페우스자리',-12345,-12345,-12345,55,57,47.6,'6.52',6.52,6.52,'-12345',-12345,-12345,'G8-M0 Ia0','-12345',-12345,-12345,'-12345',-12345,-12345,'40',40,40,'1,400',1400,1400,'-12345',-12345,-12345,'-12345',-12345,-12345,-12345,-12345),('고니자리 16 A','star','고니자리',19,41,48.9535,50,31,30.217,'5.96',5.96,5.96,'4.29',4.29,4.29,'','46.25± 0.50',45.75,46.75,'70.5',70.5,70.5,'1.02',1.02,1.02,'1.4',1.4,1.4,'1.6',1.6,1.6,'5825',5825,5825,-12345,-12345),('고니자리 16 B','star','고니자리',19,41,51.972,50,31,3.083,'6.20',6.2,6.2,'4.53',4.53,4.53,'','46.25± 0.50',45.75,46.75,'70.5',70.5,70.5,'0.97',0.97,0.97,'1.2',1.2,1.2,'1.3',1.3,1.3,'5640',5640,5640,-12345,-12345),('시계자리 이오타','star','시계자리',2,42,31.65,-50,48,12.29,'5.40',5.4,5.4,'4.27',4.27,4.27,'G0Vp','58.00± 0.55',57.45,58.55,'50.6',50.6,50.6,'1.25± 0.01',1.24,1.26,'1.5',1.5,1.5,'1.8',1.8,1.8,'6125± 30',6095,6155,-12345,-12345),('오리온자리 시그마 A','star','오리온자리',5,38,44.8,-2,36,0,'4.2',4.2,4.2,'-12345',-12345,-12345,'O9V','-12345',-12345,-12345,'1,150',1150,1150,'18',18,18,'6',6,6,'35,000',35000,35000,'32,000',32000,32000,-12345,-12345),('오리온자리 시그마 B','star','오리온자리',5,38,44.8,-2,36,0,'5.1',5.1,5.1,'-12345',-12345,-12345,'B0.5V','-12345',-12345,-12345,'1,150',1150,1150,'13.5',13.5,13.5,'5.5',5.5,5.5,'30,000',30000,30000,'29,600',29600,29600,-12345,-12345),('오리온자리 시그마 C','star','오리온자리',5,38,44.8,-2,36,0,'8.79',8.79,8.79,'-12345',-12345,-12345,'A2V','-12345',-12345,-12345,'1,150',1150,1150,'-12345',-12345,-12345,'-12345',-12345,-12345,'-12345',-12345,-12345,'-12345',-12345,-12345,-12345,-12345),('오리온자리 시그마 D','star','오리온자리',5,38,44.8,-2,36,0,'6.62',6.62,6.62,'-12345',-12345,-12345,'B2V','-12345',-12345,-12345,'1,150',1150,1150,'-12345',-12345,-12345,'-12345',-12345,-12345,'-12345',-12345,-12345,'-12345',-12345,-12345,-12345,-12345),('오리온자리 시그마 E','star','오리온자리',5,38,44.8,-2,36,0,'6.66',6.66,6.66,'-12345',-12345,-12345,'B2Vp','-12345',-12345,-12345,'1,150',1150,1150,'-12345',-12345,-12345,'-12345',-12345,-12345,'-12345',-12345,-12345,'-12345',-12345,-12345,-12345,-12345),('R 66','star','황새치자리',4,56,47.0791,-69,22,55.9,'10.7',10.7,10.7,'3.2',3.2,3.2,'B0e','3.29± 1.89 초',1.4,5.18,'1,000',1000,1000,'30',30,30,'-12345',-12345,-12345,'-12345',-12345,-12345,'-12345',-12345,-12345,-12345,-12345),('R 126','star','황새치자리',5,36,25.87,-69,22,55.9,'10.91',10.91,10.91,'-7.6',-7.6,-7.6,'-12345','3.29± 1.89 초',1.4,5.18,'-12345',-12345,-12345,'70',70,70,'-12345',-12345,-12345,'-12345',-12345,-12345,'-12345',-12345,-12345,-12345,-12345),('물병자리 R','star','물병자리',23,43,49.4616,-15,17,4.202,'7.69',7.69,7.69,'8.83',8.83,8.83,'M7IIIpev','5.07± 3.15',1.92,8.22,'600',600,600,'0.4',0.4,0.4,'0.5',0.5,0.5,'0.04',0.04,0.04,'2,000~3,500',2000,3500,-12345,-12345),('안드로메다자리 51','star','안드로메다자리',1,37,59.6,48,37,42,'3.59',3.59,3.59,'-0.04',-0.04,-0.04,'K3 III','-12345',-12345,-12345,'174± 7',167,181,'-12345',-12345,-12345,'-12345',-12345,-12345,'-12345',-12345,-12345,'-12345',-12345,-12345,-12345,-12345),('알고라브 A','star','까마귀자리',12,29,51,-16,30,55,'2.95',2.95,2.95,'-12345',-12345,-12345,'kB9.5~A0 IVn','37.11± 0.69',36.42,37.8,'87',87,87,'2.5',2.5,2.5,'2',2,2,'48',48,48,'10,000',10000,10000,-12345,-12345),('알고라브 B','star','까마귀자리',12,29,51,-16,30,55,'8.51',8.51,8.51,'-12345',-12345,-12345,'K2 V','37.11± 0.69',36.42,37.8,'87',87,87,'0.75',0.75,0.75,'-12345',-12345,-12345,'0.3',0.3,0.3,'5,000',5000,5000,-12345,-12345),('큰곰자리 47','star','큰곰자리',10,59,28,40,25,49,'5.03',5.03,5.03,'4.29',4.29,4.29,'G1 V','71.04± 0.66',70.38,71.7,'-12345',-12345,-12345,'1.08',1.08,1.08,'-12345',-12345,-12345,'-12345',-12345,-12345,'5882',5882,5882,-12345,-12345),('북쪽왕관자리 R','star','',15,48,34.4149,28,9,24.296,'-12345',-12345,-12345,'-12345',-12345,-12345,'G0Iab:pe','0.54± 0.72',-0.18,1.26,'6,000',6000,6000,'0.8',0.8,0.8,'-12345',-12345,-12345,'-12345',-12345,-12345,'-12345',-12345,-12345,-12345,-12345),('헤르쿨레스자리 V838','star','헤르쿨레스자리',18,46,31.55,12,14,5,'5.0',5,5,'-12345',-12345,-12345,'신성','-12345',-12345,-12345,'-12345',-12345,-12345,'-12345',-12345,-12345,'-12345',-12345,-12345,'-12345',-12345,-12345,'-12345',-12345,-12345,-12345,-12345),('에리다누스자리 세타 1','star','',2,58,15.696,-40,18,16.97,'3.24',3.24,3.24,'-12345',-12345,-12345,'A3 IV','28.00± 11.00',17,39,'-12345',-12345,-12345,'2.4',2.4,2.4,'-12345',-12345,-12345,'96',96,96,'8200',8200,8200,-12345,-12345),('에리다누스자리 세타 2','star','',2,58,15.696,-40,18,16.97,'4.42',4.42,4.42,'-12345',-12345,-12345,'A1 V','28.00± 11.00',17,39,'-12345',-12345,-12345,'-12345',-12345,-12345,'-12345',-12345,-12345,'36',36,36,'9200',9200,9200,-12345,-12345),('아쿠벤스','star','',8,58,29.2217,11,51,27.723,'4.26',4.26,4.26,'-12345',-12345,-12345,'A5m','18.79± 0.99',17.8,19.78,'174± 9',165,183,'-12345',-12345,-12345,'-12345',-12345,-12345,'-12345',-12345,-12345,'-12345',-12345,-12345,-12345,-12345),('아드하페라','star','',10,16,41.4169,23,25,2.318,'3.44',3.44,3.44,'-12345',-12345,-12345,'F0 III(거성)','12.56± 0.78',11.78,13.34,'260',260,260,'-12345',-12345,-12345,'10',10,10,'207',207,207,'-12345',-12345,-12345,-12345,-12345),('컴퍼스자리 알파','star','컴퍼스자리',14,42,30.4194,-64,58,30.499,'3.19',3.19,3.19,'2.1',2.1,2.1,'A7 ApSrEuCr','60.97± 0.58',60.39,61.55,'53.5',53.5,53.5,'1.7',1.7,1.7,'1.967± 0.066',1.901,2.033,'11',11,11,'7,420± 170',7250,7590,-12345,-12345),('글리제 777','star','고니자리',20,3,37.41,29,53,48.5,'5.71',5.71,5.71,'4.70',4.7,4.7,'G6 IV','62.92',62.92,62.92,'51.81',51.81,51.81,'0.9',0.9,0.9,'1.2',1.2,1.2,'1.11',1.11,1.11,'5417',5417,5417,-12345,-12345),('현미경자리 AU','star','현미경자리',20,45,9.5318,-31,20,27.238,'8.61',8.61,8.61,'8.61',8.61,8.61,'M1 Ve','100.59',100.59,100.59,'-12345',-12345,-12345,'-12345',-12345,-12345,'0.59',0.59,0.59,'0.029',0.029,0.029,'3,730',3730,3730,-12345,-12345),('오리온자리 세타1 C','star','오리온자리',5,35,16.5,-5,23,24,'5.13',5.13,5.13,'-3.2',-3.2,-3.2,'O6pe V or O4~O5 V','-1.85± 2.12',-3.97,0.27,'1,500',1500,1500,'44',44,44,'7± 2',5,9,'251,000',251000,251000,'45,500',45500,45500,-12345,-12345),('허큘리스자리 72','star','허큘리스자리',17,20,39.567,32,28,3.88,'5.40',5.4,5.4,'5.24',5.24,5.24,'G0 V','69.48',69.48,69.48,'46.9± 0.4',46.5,47.3,'-12345',-12345,-12345,'-12345',-12345,-12345,'-12345',-12345,-12345,'-12345',-12345,-12345,-12345,-12345),('황소자리 세타1','star','황소자리',4,28,39.7,15,52,15,'3.40',3.4,3.4,'-12345',-12345,-12345,'A7 III','-12345',-12345,-12345,'153± 8',145,161,'-12345',-12345,-12345,'-12345',-12345,-12345,'-12345',-12345,-12345,'-12345',-12345,-12345,-12345,-12345),('황소자리 제타','star','황소자리',5,37,38.7,21,8,33,'2.97',2.97,2.97,'-12345',-12345,-12345,'B4 IIIpe+G8 III','-12345',-12345,-12345,'417± 54',363,471,'9',9,9,'-12345',-12345,-12345,'5,700',5700,5700,'22,000',22000,22000,-12345,-12345),('황소자리 람다 A','star','황소자리',4,0,40.8,12,29,25,'3.41',3.41,3.41,'-12345',-12345,-12345,'B3 V','-12345',-12345,-12345,'370± 42',328,412,'-12345',-12345,-12345,'6.6',6.6,6.6,'4,000',4000,4000,'-12345',-12345,-12345,-12345,-12345),('황소자리 람다 B','star','황소자리',4,0,40.8,12,29,25,'3.41',3.41,3.41,'-12345',-12345,-12345,'A4 IV','-12345',-12345,-12345,'370± 42',328,412,'-12345',-12345,-12345,'5.5',5.5,5.5,'95',95,95,'-12345',-12345,-12345,-12345,-12345),('황소자리 람다 C','star','황소자리',4,0,40.8,12,29,25,'3.41',3.41,3.41,'-12345',-12345,-12345,'K V','-12345',-12345,-12345,'370± 42',328,412,'-12345',-12345,-12345,'-12345',-12345,-12345,'-12345',-12345,-12345,'-12345',-12345,-12345,-12345,-12345),('고래자리 79','star','고래자리',2,35,19.9283,-3,33,38.167,'6.78',6.78,6.78,'4.00',4,4,'G5 IV','27.85± 1.39',26.46,29.24,'117.1',117.1,117.1,'1',1,1,'1.57',1.57,1.57,'2.16',2.16,2.16,'5770',5770,5770,-12345,-12345),('황소자리 T','star','황소자리',4,21,59.4345,19,32,6.429,'9.6',9.6,9.6,'-12345',-12345,-12345,'G5V:e','5.66± 1.58',4.08,7.24,'580',580,580,'-12345',-12345,-12345,'-12345',-12345,-12345,'3.7',3.7,3.7,'5,000~6,000',5000,6000,-12345,-12345),('+708247','star','용자리',19,0,10.25,70,39,15.2,'13.24',13.24,13.24,'-12345',-12345,-12345,'DA;w','76± 4',72,80,'43± 2',41,45,'0.96± 0.1',0.86,1.06,'0.0145± 0.0045',0.01,0.019,'0.028± 0.008',0.02,0.036,'25,000± 200',24800,25200,-12345,-12345),('처녀자리 HW A','star','처녀자리',12,44,20.2367,-8,40,16.837,'10.9',10.9,10.9,'-12345',-12345,-12345,'sdB','1.83± 1.94',-0.11,3.77,'590± 65',525,655,'0.485',0.485,0.485,'0.181',0.181,0.181,'-12345',-12345,-12345,'30,000',30000,30000,2,1),('처녀자리 HW B','star','처녀자리',12,44,20.2367,-8,40,16.837,'10.9',10.9,10.9,'-12345',-12345,-12345,'M V','1.83± 1.94',-0.11,3.77,'590± 65',525,655,'0.181',0.181,0.181,'0.181',0.181,0.181,'-12345',-12345,-12345,'3,500',3500,3500,2,1),('SGR 1806-20','star','궁수자리',18,8,39.32,-20,24,39.5,'17.4',17.4,17.4,'-12345',-12345,-12345,'중성자별','-12345',-12345,-12345,'50,000',50000,50000,'1.44~3.2',1.44,3.2,'0.00002',0,0,'-12345',-12345,-12345,'136,000',136000,136000,-12345,-12345),('마하심','star','마차부자리',5,59,43.269,37,12,45.307,'2.62',2.62,2.62,'2.54',2.54,2.54,'A0sp...','18.83± 0.81',18.02,19.64,'173± 7',166,180,'3.1',3.1,3.1,'2.1',2.1,2.1,'40',40,40,'7,500~10,000',7500,10000,-12345,-12345),('SGR 1900+14','star','독수리자리',19,7,16.85,9,18,50.4,'-12345',-12345,-12345,'-12345',-12345,-12345,'','-12345',-12345,-12345,'20,000',20000,20000,'-12345',-12345,-12345,'-12345',-12345,-12345,'-12345',-12345,-12345,'30,000~100,000',30000,100000,-12345,-12345),('그물자리 엡실론 A','star','그물자리',4,16,29.03,-59,18,7.76,'4.44',4.44,4.44,'-12345',-12345,-12345,'K2IVa','-12345',-12345,-12345,'59.45',59.45,59.45,'-12345',-12345,-12345,'-12345',-12345,-12345,'-12345',-12345,-12345,'-12345',-12345,-12345,-12345,-12345),('그물자리 엡실론 B','star','그물자리',4,16,29.03,-59,18,7.76,'12.5',12.5,12.5,'-12345',-12345,-12345,'D','-12345',-12345,-12345,'59.45',59.45,59.45,'-12345',-12345,-12345,'-12345',-12345,-12345,'-12345',-12345,-12345,'-12345',-12345,-12345,-12345,-12345),('마차부자리 SU','star','마차부자리',4,55,59.3845,30,34,1.525,'10.22',10.22,10.22,'4.0~6.0',4,6,'G2IIIev','-12345',-12345,-12345,'1,800',1800,1800,'10',10,10,'1',1,1,'10',10,10,'5,800',5800,5800,-12345,-12345),('용골자리 HR','star','용골자리',10,22,53.8406,-59,37,28.381,'-12345',-12345,-12345,'-9.4',-9.4,-9.4,'B2ev','0.85± 0.60',0.25,1.45,'16,300± 3,260',13040,19560,'-12345',-12345,-12345,'350',350,350,'-12345',-12345,-12345,'10,000',10000,10000,-12345,1),('안드로메다자리 V385','star','안드로메다자리',23,24,8.8681,41,36,46.345,'6.424',6.424,6.424,'8.133',8.133,8.133,'M0','2.61± 0.84',1.77,3.45,'1,200',1200,1200,'0.4',0.4,0.4,'0.5',0.5,0.5,'0.04',0.04,0.04,'2,000~3,500',2000,3500,-12345,-12345),('메크부다','star','쌍둥이자리',7,4,6.5318,20,34,13.07,'3.62~4.18',3.62,4.18,'-12345',-12345,-12345,'F7 Ib~G3 Ib','2.79± 0.81',1.98,3.6,'1,637± 287',1350,1924,'-12345',-12345,-12345,'89.5± 13.3',76.2,102.8,'3,000',3000,3000,'5,260~5,780',5260,5780,-12345,-12345),('세페우스자리 델타','star','',22,29,10.2663,58,24,54.715,'3.5~4.3',3.5,4.3,'-12345',-12345,-12345,'F5 Iab','3.32± 0.58',2.74,3.9,'828± 98',730,926,'-12345',-12345,-12345,'41.5',41.5,41.5,'2,000',2000,2000,'5,500~6,800',5500,6800,-12345,1),('멘키브 (페르세우스자리 크시)','star','페르세우스자리',3,58,57.9,35,47,28,'4.04',4.04,4.04,'-12345',-12345,-12345,'O7.5 III(n)((f))','-12345',-12345,-12345,'1600',1600,1600,'-12345',-12345,-12345,'-12345',-12345,-12345,'-12345',-12345,-12345,'-12345',-12345,-12345,-12345,-12345),('PSR B0531+21','star','황소자리',5,34,31.97,22,0,52.1,'16.5',16.5,16.5,'-12345',-12345,-12345,'F','7± 10',-3,17,'6,500',6500,6500,'1.45',1.45,1.45,'0.00001',0,0,'1',1,1,'10,000~50,000',10000,50000,-12345,-12345),('메그레즈','star','큰곰자리',12,15,25.5601,57,1,57.421,'3.31',3.31,3.31,'-12345',-12345,-12345,'A3 V','40.05± 0.60',39.45,40.65,'81',81,81,'-12345',-12345,-12345,'2',2,2,'23',23,23,'8,630',8630,8630,-12345,-12345),('하트샤','star','오리온자리',5,35,25.9825,-5,54,35.645,'2.75',2.75,2.75,'-5.30',-5.3,-5.3,'A:O9 III C+B1 III','2.46± 0.77',1.69,3.23,'1,325',1325,1325,'15',15,15,'-12345',-12345,-12345,'14,000',14000,14000,'31,500',31500,31500,-12345,-12345),('시계자리 알파','star','시계자리',4,14,0.1143,-42,17,39.73,'3.86',3.86,3.86,'-12345',-12345,-12345,'K2 III','27.85± 0.51',27.34,28.36,'117',117,117,'2',2,2,'11',11,11,'47',47,47,'4,650',4650,4650,-12345,-12345),('도마뱀자리 알파','star','도마뱀자리',22,31,17.501,50,16,56.969,'3.77',3.77,3.77,'-12345',-12345,-12345,'A1 V C','31.86± 0.54',31.32,32.4,'102',102,102,'2',2,2,'-12345',-12345,-12345,'27',27,27,'9,200',9200,9200,-12345,-12345),('허큘리스자리 V777','star','허큘리스자리',16,47,19.02,32,28,31.9,'13.65',13.65,13.65,'-12345',-12345,-12345,'DBV2','-12345',-12345,-12345,'150',150,150,'-12345',-12345,-12345,'-12345',-12345,-12345,'-12345',-12345,-12345,'19,000',19000,19000,-12345,-12345),('물뱀자리 알파','star','물뱀자리',1,58,46.1935,-61,34,11.493,'2.86',2.86,2.86,'-12345',-12345,-12345,'F0 IV','45.74± 0.55',45.19,46.29,'71.3',71.3,71.3,'1.84',1.84,1.84,'3.3',3.3,3.3,'26',26,26,'7,140',7140,7140,-12345,-12345),('ULAS1335','star','처녀자리',13,35,53.45,11,30,5.2,'17.90',17.9,17.9,'18.31',18.31,18.31,'T9-Y0','-12345',-12345,-12345,'26~40',26,40,'0.014~0.030',0.014,0.03,'-12345',-12345,-12345,'-12345',-12345,-12345,'500~600',500,600,-12345,-12345),('바텐 카이토스','star','고래자리',1,51,27.6336,-10,20,6.136,'3.73',3.73,3.73,'-12345',-12345,-12345,'K0 III','12.59± 0.85',11.74,13.44,'260',260,260,'2.5',2.5,2.5,'25',25,25,'260',260,260,'4,600',4600,4600,-12345,-12345),('큰곰자리 프시','star','큰곰자리',11,9,39.8084,44,29,54.553,'3.01',3.01,3.01,'-12345',-12345,-12345,'K1 III','22.21± 0.68',21.53,22.89,'147',147,147,'2.8',2.8,2.8,'21',21,21,'170',170,170,'4,545',4545,4545,-12345,-12345),('도마뱀자리 10','star','도마뱀자리',22,39,15.7,39,3,1,'4.9',4.9,4.9,'-12345',-12345,-12345,'O9V','3.08± 0.62',2.46,3.7,'1,125',1125,1125,'16',16,16,'4.7',4.7,4.7,'26,800',26800,26800,'32,000',32000,32000,-12345,-12345),('SIMP J013656.5+093347','star','물고기자리',1,36,56.62,9,33,47.3,'12.77',12.77,12.77,'-12345',-12345,-12345,'T2.5± 0.5','-12345',-12345,-12345,'20.864± 0.978',19.886,21.842,'10.0000~10.0000',10,10,'-12345',-12345,-12345,'-12345',-12345,-12345,'750',750,750,-12345,-12345),('다비흐 메이저 A','star','염소자리',20,21,0.7,-14,46,53,'3.1',3.1,3.1,'-1.96',-1.96,-1.96,'K0 III','9.94± 1.00',8.94,10.94,'328',328,328,'4',4,4,'35',35,35,'600',600,600,'-12345',-12345,-12345,-12345,-12345),('다비흐 메이저 B1','star','염소자리',20,21,0.7,-14,46,53,'-12345',-12345,-12345,'-1.96',-1.96,-1.96,'B8','9.94± 1.00',8.94,10.94,'328',328,328,'4',4,4,'-12345',-12345,-12345,'-12345',-12345,-12345,'-12345',-12345,-12345,-12345,-12345),('다비흐 메이저 B2','star','염소자리',20,21,0.7,-14,46,53,'-12345',-12345,-12345,'-1.96',-1.96,-1.96,'-12345','9.94± 1.00',8.94,10.94,'328',328,328,'-12345',-12345,-12345,'-12345',-12345,-12345,'-12345',-12345,-12345,'-12345',-12345,-12345,-12345,-12345),('다비흐 마이너 A','star','염소자리',20,21,0.7,-14,46,53,'6.10',6.1,6.1,'1.08',1.08,1.08,'B9.5 IV','9.94± 1.00',8.94,10.94,'328',328,328,'-12345',-12345,-12345,'-12345',-12345,-12345,'40',40,40,'-12345',-12345,-12345,-12345,-12345),('다비흐 마이너 B','star','염소자리',20,21,0.7,-14,46,53,'-12345',-12345,-12345,'1.08',1.08,1.08,'F? V','9.94± 1.00',8.94,10.94,'328',328,328,'-12345',-12345,-12345,'-12345',-12345,-12345,'-12345',-12345,-12345,'-12345',-12345,-12345,-12345,-12345),('용자리 42','star','용자리',18,25,59.1381,65,33,48.53,'4.833',4.833,4.833,'-0.108',-0.108,-0.108,'K1.5 III','10.28± 0.48',9.8,10.76,'-12345',-12345,-12345,'0.98± 0.05',0.93,1.03,'17.5± 1',16.5,18.5,'135',135,135,'4950± 70',4880,5020,-12345,-12345),('쌍둥이자리 세타','star','쌍둥이자리',6,52,47.3,33,57,40,'3.60',3.6,3.6,'-12345',-12345,-12345,'A3 III','-12345',-12345,-12345,'206',206,206,'-12345',-12345,-12345,'-12345',-12345,-12345,'-12345',-12345,-12345,'-12345',-12345,-12345,-12345,-12345),('SSSPM J1549-3544','star','이리자리',15,48,40.23,-35,44,25.5,'14.78',14.78,14.78,'-12345',-12345,-12345,'sdK5','-12345',-12345,-12345,'350',350,350,'-12345',-12345,-12345,'-12345',-12345,-12345,'-12345',-12345,-12345,'-12345',-12345,-12345,-12345,-12345),('XTE J1650-500','star','제단자리',16,50,1,-49,57,45,'-12345',-12345,-12345,'-12345',-12345,-12345,'K4V','-12345',-12345,-12345,'15,000',15000,15000,'2.73',2.73,2.73,'0.000017',0,0,'-12345',-12345,-12345,'4000',4000,4000,-12345,-12345),('페르카드','star','작은곰자리',15,20,43.7155,71,50,2.458,'3.027',3.027,3.027,'-12345',-12345,-12345,'A3 Iab','6.79± 0.46',6.33,7.25,'-12345',-12345,-12345,'-12345',-12345,-12345,'15',15,15,'1,100',1100,1100,'-12345',-12345,-12345,-12345,-12345),('화가자리 AB','star','화가자리',6,19,12.9135,-58,3,15.522,'9.16',9.16,9.16,'5.87',5.87,5.87,'K2 V','21.97± 0.82',21.15,22.79,'-12345',-12345,-12345,'-12345',-12345,-12345,'-12345',-12345,-12345,'-12345',-12345,-12345,'4800',4800,4800,-12345,-12345),('WR 104','star','',18,2,4.07,-23,37,41.2,'-12345',-12345,-12345,'13.54',13.54,13.54,'WC','-12345',-12345,-12345,'8,000',8000,8000,'25',25,25,'3',3,3,'-12345',-12345,-12345,'-12345',-12345,-12345,-12345,-12345),('용자리 이오타','star','용자리',15,24,55.7747,58,57,57.836,'3.29',3.29,3.29,'-12345',-12345,-12345,'K2 III','31.92± 0.51',31.41,32.43,'102',102,102,'1.05',1.05,1.05,'13',13,13,'40',40,40,'-12345',-12345,-12345,-12345,-12345),('QPM-241','star','궁수자리',17,43,4.7,28,8,30.2,'-12345',-12345,-12345,'-11.9',-11.9,-11.9,'WN9','-12345',-12345,-12345,'25,000',25000,25000,'-12345',-12345,-12345,'-12345',-12345,-12345,'4,500,000',4500000,4500000,'-12345',-12345,-12345,-12345,-12345),('WASP-17','star','전갈자리',15,59,51,-28,3,42,'11.6',11.6,11.6,'-12345',-12345,-12345,'F6 V','-12345',-12345,-12345,'1000',1000,1000,'1.07~1.32',1.07,1.32,'1.2~1.4',1.2,1.4,'-12345',-12345,-12345,'6550± 100',6450,6650,-12345,-12345),('처녀자리 키','star','처녀자리',12,39,14.7669,-7,59,44.032,'4.657',4.657,4.657,'-0.114',-0.114,-0.114,'K2 III','10.24± 0.88',9.36,11.12,'-12345',-12345,-12345,'2.17± 0.28',1.89,2.45,'20.9± 1.1',19.8,22,'153',153,153,'4445± 70',4375,4515,-12345,-12345),('WASP-11/HAT-P-10','star','페르세우스자리',3,9,28.55,30,40,24.9,'11.57± 0.15',11.42,11.72,'-12345',-12345,-12345,'K3 V','-12345',-12345,-12345,'392~428',392,428,'0.82± 0.03',0.79,0.85,'0.79~0.84',0.79,0.84,'0.33~0.4',0.33,0.4,'4980± 60',4920,5040,-12345,-12345),('WASP-18','star','봉황자리',1,37,24.95,-45,40,40.8,'9.29',9.29,9.29,'-12345',-12345,-12345,'','-12345',-12345,-12345,'-12345',-12345,-12345,'-12345',-12345,-12345,'-12345',-12345,-12345,'-12345',-12345,-12345,'-12345',-12345,-12345,-12345,-12345),('XO-3','star','기린자리',4,21,52.7048,57,49,1.886,'9.91',9.91,9.91,'-12345',-12345,-12345,'F5 V','-12345',-12345,-12345,'850± 75',775,925,'1.213± 0.066',1.147,1.279,'1.377± 0.083',1.294,1.46,'-12345',-12345,-12345,'6429± 100',6329,6529,-12345,-12345),('용골자리 세타','star','용골자리',10,42,57.4,64,23,40,'2.74',2.74,2.74,'-2.91',-2.91,-2.91,'B0 Vp','-12345',-12345,-12345,'439± 30',409,469,'-12345',-12345,-12345,'-12345',-12345,-12345,'-12345',-12345,-12345,'-12345',-12345,-12345,-12345,-12345),('작은개자리 감마','star','작은개자리',7,28,9.8,8,55,32,'4.33',4.33,4.33,'-12345',-12345,-12345,'K3 III','-12345',-12345,-12345,'398± 45',353,443,'-12345',-12345,-12345,'-12345',-12345,-12345,'-12345',-12345,-12345,'-12345',-12345,-12345,-12345,-12345),('비둘기자리 뮤','star','비둘기자리',5,45,59.9,-32,18,23,'5.15',5.15,5.15,'-2.84',-2.84,-2.84,'O9.5 V','2.52± 0.55',1.97,3.07,'1,300',1300,1300,'12~15',12,15,'4.5',4.5,4.5,'23,300',23300,23300,'33,700',33700,33700,-12345,-12345),('ULAS J003402.77-005206.7','star','고래자리',0,34,2.771,0,52,6.78,'18.37',18.37,18.37,'-12345',-12345,-12345,'T8.5~T9','-12345',-12345,-12345,'26~40',26,40,'0.005~0.019',0.005,0.019,'-12345',-12345,-12345,'-12345',-12345,-12345,'550~600',550,600,-12345,-12345),('서오리온자리 세타1 B','star','오리온자리',5,35,16.064,-5,23,7.13,'11.0',11,11,'-12345',-12345,-12345,'X선 천체','-12345',-12345,-12345,'1,600',1600,1600,'-12345',-12345,-12345,'-12345',-12345,-12345,'-12345',-12345,-12345,'-12345',-12345,-12345,-12345,-12345),('세페우스자리 T','star','세페우스자리',21,9,31.7819,68,29,27.206,'7.37',7.37,7.37,'8.45',8.45,8.45,'','-12345',-12345,-12345,'700',700,700,'-12345',-12345,-12345,'540',540,540,'-12345',-12345,-12345,'-12345',-12345,-12345,-12345,-12345),('VB 10','star','독수리자리',19,16,57.62,5,9,2.2,'17.30',17.3,17.3,'18.7',18.7,18.7,'M8 V','164.3± 3.5',160.8,167.8,'18.72',18.72,18.72,'0.075± .05',0.025,0.125,'0.102',0.102,0.102,'-12345',-12345,-12345,'2600',2600,2600,-12345,-12345),('플라스켓의 별','star','외뿔소자리',6,35,0,6,11,0,'6.05',6.05,6.05,'-12345',-12345,-12345,'O8','-12345',-12345,-12345,'6600',6600,6600,'-12345',-12345,-12345,'-12345',-12345,-12345,'-12345',-12345,-12345,'-12345',-12345,-12345,-12345,-12345),('GJ 1214','star','뱀주인자리',17,15,18.94,4,57,49.7,'14.67',14.67,14.67,'5.3',5.3,5.3,'M4.5 V','-12345',-12345,-12345,'42.38',42.38,42.38,'0.95',0.95,0.95,'0.93',0.93,0.93,'0.71',0.71,0.71,'5500',5500,5500,-12345,-12345),('쌍둥이자리 37','star','쌍둥이자리',6,55,18.7,25,22,33,'5.74',5.74,5.74,'4.54',4.54,4.54,'G0 V','57.86± 0.90',56.96,58.76,'56.3',56.3,56.3,'1.1',1.1,1.1,'1.03',1.03,1.03,'1.25',1.25,1.25,'6024',6024,6024,-12345,-12345),('케플러-4','star','용자리',19,2,27.7,50,8,8.7,'12.6',12.6,12.6,'-12345',-12345,-12345,'G5 V','-12345',-12345,-12345,'1631',1631,1631,'1.223',1.223,1.223,'1.487',1.487,1.487,'-12345',-12345,-12345,'5857',5857,5857,-12345,-12345),('케플러-5','star','고니자리',19,57,37.7,44,2,6.2,'13.9',13.9,13.9,'-12345',-12345,-12345,'','-12345',-12345,-12345,'-12345',-12345,-12345,'1.347',1.347,1.347,'1.793',1.793,1.793,'-12345',-12345,-12345,'6297',6297,6297,-12345,-12345),('케플러-6','star','고니자리',19,47,20.9,48,14,23.8,'13.8',13.8,13.8,'-12345',-12345,-12345,'','-12345',-12345,-12345,'-12345',-12345,-12345,'1.209',1.209,1.209,'1.391',1.391,1.391,'-12345',-12345,-12345,'5647',5647,5647,-12345,-12345),('케플러-7','star','거문고자리',19,14,19.6,41,5,23.3,'13.9',13.9,13.9,'-12345',-12345,-12345,'','-12345',-12345,-12345,'-12345',-12345,-12345,'1.347',1.347,1.347,'1.843',1.843,1.843,'-12345',-12345,-12345,'5933',5933,5933,-12345,-12345),('케플러-8','star','거문고자리',18,45,9.1,42,27,3.8,'13.9',13.9,13.9,'-12345',-12345,-12345,'','-12345',-12345,-12345,'4338',4338,4338,'1.213',1.213,1.213,'1.486',1.486,1.486,'-12345',-12345,-12345,'6213',6213,6213,-12345,-12345),('RX J1856.5-3754','star','남쪽왕관자리',18,56,35,-37,54,36,'25.6',25.6,25.6,'-12345',-12345,-12345,'N(중성자별)','5.6± 0.6',5,6.2,'400',400,400,'0.9',0.9,0.9,'0.000002~0.000006',0,0,'-12345',-12345,-12345,'700,000',700000,700000,-12345,-12345),('글리제 758','star','거문고자리',19,23,34.013,33,13,19.08,'6.361',6.361,6.361,'-12345',-12345,-12345,'G8 V','64.54± 0.60',63.94,65.14,'-12345',-12345,-12345,'0.97',0.97,0.97,'0.88',0.88,0.88,'-12345',-12345,-12345,'-12345',-12345,-12345,-12345,-12345),('페가수스자리 V391','star','페가수스자리',22,4,12.2,26,25,8,'14.57',14.57,14.57,'3.84',3.84,3.84,'sdB','-12345',-12345,-12345,'4570',4570,4570,'0.5± 0.05',0.45,0.55,'0.23± 0.03',0.2,0.26,'15.4',15.4,15.4,'29300± 500',28800,29800,-12345,-12345),('양자리 53','star','양자리',3,7,25.6726,17,52,47.982,'6.124',6.124,6.124,'-12345',-12345,-12345,'B1.5 V','4.32± 0.98',3.34,5.3,'-12345',-12345,-12345,'18',18,18,'7',7,7,'20,000',20000,20000,'10,000~30,000',10000,30000,-12345,-12345),('R 136a1','star','황새치자리',5,38,42.43,-69,6,2.2,'12.77',12.77,12.77,'-12345',-12345,-12345,'WN5h','-12345',-12345,-12345,'165,000',165000,165000,'265',265,265,'35.4',35.4,35.4,'8,700,000',8700000,8700000,'53,000± 3,000',50000,56000,-12345,-12345),('안드로메다자리 δ','star','안드로메다자리',0,39,19.6758,30,51,39.686,'3.28',3.28,3.28,'-12345',-12345,-12345,'','32.19± 0.68',31.51,32.87,'101± 2',99,103,'1.8',1.8,1.8,'11.50',11.5,11.5,'0.8',0.8,0.8,'-12345',-12345,-12345,-12345,-12345),('안드로메다자리 ε','star','안드로메다자리',0,38,33.3458,29,18,42.305,'4.37',4.37,4.37,'0.8',0.8,0.8,'G형','19.34± 0.76',18.58,20.1,'169± 7',162,176,'2.4',2.4,2.4,'9.8',9.8,9.8,'52',52,52,'4,930',4930,4930,-12345,-12345),('페가수스자리 IK','star','페가수스자리',21,26,26.6624,19,22,32.304,'6.078',6.078,6.078,'2.762',2.762,2.762,'쌍성','21.72± 0.78',20.94,22.5,'150± 5',145,155,'1.65',1.65,1.65,'1.6',1.6,1.6,'8.0',8,8,'7700',7700,7700,-12345,1),('안드로메다자리 ζ','star','안드로메다자리',0,47,20.3254,24,16,1.841,'3.92~4.14',3.92,4.14,'0.3',0.3,0.3,'','17.98± 0.83',17.15,18.81,'181± 8',173,189,'-12345',-12345,-12345,'8.3',8.3,8.3,'-12345',-12345,-12345,'-12345',-12345,-12345,-12345,-12345),('안드로메다자리 η','star','안드로메다자리',0,57,12.4,23,25,3.533,'4.403',4.403,4.403,'0.52± 0.06',0.46,0.58,'G8III-IV','13.44± 0.75',12.69,14.19,'240± 10',230,250,'2.6± 0.35',2.25,2.95,'-12345',-12345,-12345,'65± 3',62,68,'4,900',4900,4900,-12345,-12345),('안드로메다자리 θ','star','안드로메다자리',0,17,5.4983,38,40,53.888,'4.619',4.619,4.619,'4.679',4.679,4.679,'A2V','12.88± 1.31',11.57,14.19,'250',250,250,'-12345',-12345,-12345,'-12345',-12345,-12345,'-12345',-12345,-12345,'-12345',-12345,-12345,-12345,1),('안드로메다자리 ι','star','안드로메다자리',0,23,38.082,43,16,5,'4.29',4.29,4.29,'-12345',-12345,-12345,'B8V','-12345',-12345,-12345,'503± 50',453,553,'-12345',-12345,-12345,'-12345',-12345,-12345,'-12345',-12345,-12345,'-12345',-12345,-12345,-12345,-12345),('안드로메다자리 κ','star','안드로메다자리',23,40,24.5081,44,20,2.154,'4.137',4.137,4.137,'4.076',4.076,4.076,'B9IVn','19.22± 0.65',18.57,19.87,'170± 6',164,176,'18',18,18,'7',7,7,'20,000',20000,20000,'10,000~30,000',10000,30000,-12345,-12345),('안드로메다자리 λ','star','안드로메다자리',23,37,33.8425,46,27,29.347,'3.82',3.82,3.82,'4.9',4.9,4.9,'G8III','38.74± 0.68',38.06,39.42,'84± 1',83,85,'1.1',1.1,1.1,'1.1',1.1,1.1,'1.2',1.2,1.2,'5,000~6,000',5000,6000,-12345,-12345),('안드로메다자리 μ','star','안드로메다자리',0,56,45.2115,38,29,57.641,'3.86',3.86,3.86,'0.75',0.75,0.75,'A5V','23.93± 1.22',22.71,25.15,'136± 7',129,143,'3.5',3.5,3.5,'2.5',2.5,2.5,'80',80,80,'7,500~10,000',7500,10000,-12345,-12345),('안드로메다자리 ν','star','안드로메다자리',0,49,48.8,41,4,44,'4.53',4.53,4.53,'-12345',-12345,-12345,'B5V+F8V','-12345',-12345,-12345,'680± 110',570,790,'-12345',-12345,-12345,'-12345',-12345,-12345,'-12345',-12345,-12345,'-12345',-12345,-12345,-12345,-12345),('안드로메다자리 ξ','star','안드로메다자리',1,22,20.4,45,31,44,'4.87',4.87,4.87,'-12345',-12345,-12345,'','-12345',-12345,-12345,'196± 8',188,204,'-12345',-12345,-12345,'-12345',-12345,-12345,'-12345',-12345,-12345,'-12345',-12345,-12345,-12345,-12345),('안드로메다자리 ο','star','안드로메다자리',23,1,55.2643,42,19,33.525,'3.633',3.633,3.633,'3.552',3.552,3.552,'B6IIIep','4.71± 0.67',4.04,5.38,'690',690,690,'-12345',-12345,-12345,'-12345',-12345,-12345,'-12345',-12345,-12345,'-12345',-12345,-12345,-12345,-12345),('안드로메다자리 π','star','안드로메다자리',0,36,52.8497,33,43,9.637,'4.335',4.335,4.335,'4.9',4.9,4.9,'B5V','4.97± 0.82',4.15,5.79,'700',700,700,'18',18,18,'7',7,7,'20',20,20,'10,000~30,000',10000,30000,-12345,-12345),('안드로메다자리 ρ','star','안드로메다자리',0,21,7.3,37,58,7,'5.16',5.16,5.16,'1.71',1.71,1.71,'F5III','-12345',-12345,-12345,'160± 6',154,166,'-12345',-12345,-12345,'-12345',-12345,-12345,'-12345',-12345,-12345,'-12345',-12345,-12345,-12345,-12345),('안드로메다자리 σ','star','안드로메다자리',0,18,19.7,36,47,7,'4.51',4.51,4.51,'1.33',1.33,1.33,'A2V','-12345',-12345,-12345,'141± 4',137,145,'-12345',-12345,-12345,'-12345',-12345,-12345,'-12345',-12345,-12345,'-12345',-12345,-12345,-12345,-12345),('안드로메다자리 τ','star','안드로메다자리',1,40,34.817,40,34,37.377,'4.96',4.96,4.96,'4.869',4.869,4.869,'B8III','4.79± 0.74',4.05,5.53,'700',700,700,'-12345',-12345,-12345,'-12345',-12345,-12345,'-12345',-12345,-12345,'-12345',-12345,-12345,-12345,-12345),('안드로메다자리 φ','star','안드로메다자리',1,9,30.13,47,14,30.5,'4.252',4.252,4.252,'4.197',4.197,4.197,'B7V','4.55± 0.60',3.95,5.15,'720',720,720,'18',18,18,'7',7,7,'20,000',20000,20000,'10,000~30,000',10000,30000,-12345,1),('안드로메다자리 χ','star','안드로메다자리',1,39,21,44,23,10,'5.01',5.01,5.01,'0.66',0.66,0.66,'G8III','-12345',-12345,-12345,'242± 14',228,256,'-12345',-12345,-12345,'-12345',-12345,-12345,'-12345',-12345,-12345,'-12345',-12345,-12345,-12345,-12345),('안드로메다자리 ψ','star','안드로메다자리',23,46,2.0466,46,25,12.993,'4.982',4.982,4.982,'6.067',6.067,6.067,'G5Ib+','2.49± 0.92',1.57,3.41,'1,300',1300,1300,'18',18,18,'7',7,7,'20,000',20000,20000,'-12345',-12345,-12345,-12345,-12345),('안드로메다자리 ω','star','안드로메다자리',1,27,39.3817,45,24,24.074,'4.84',4.84,4.84,'5.25',5.25,5.25,'F5 IVe','35.33± 0.82',34.51,36.15,'92± 2',90,94,'-12345',-12345,-12345,'-12345',-12345,-12345,'-12345',-12345,-12345,'-12345',-12345,-12345,-12345,-12345),('안드로메다자리 2','star','안드로메다자리',23,2,36.38,42,45,28.1,'5.093',5.093,5.093,'5.18',5.18,5.18,'A3Vn','7.74± 0.51',7.23,8.25,'420± 30',390,450,'-12345',-12345,-12345,'-12345',-12345,-12345,'-12345',-12345,-12345,'-12345',-12345,-12345,-12345,3),('안드로메다자리 3','star','안드로메다자리',23,4,10.98,50,3,7.5,'4.65',4.65,4.65,'0.95',0.95,0.95,'K0IIIb C~','18.20± 0.57',17.63,18.77,'179',179,179,'1,75',175,175,'10',10,10,'-12345',-12345,-12345,'4,786.3',4786.2998,4786.2998,-12345,-12345),('안드로메다자리 4','star','안드로메다자리',23,7,39.27,46,23,14,'5.308',5.308,5.308,'0.21',0.21,0.21,'K5III','9.35± 0.32',9.03,9.67,'350± 10',340,360,'-12345',-12345,-12345,'-12345',-12345,-12345,'-12345',-12345,-12345,'-12345',-12345,-12345,-12345,1),('안드로메다자리 5','star','안드로메다자리',23,7,45.3841,49,17,44.793,'5.7',5.7,5.7,'3.04',3.04,3.04,'F5V','29.33± 0.62',28.71,29.95,'111',111,111,'1.48',1.48,1.48,'1.58',1.58,1.58,'-12345',-12345,-12345,'6,760.83',6760.8301,6760.8301,-12345,-12345),('안드로메다자리 6','star','안드로메다자리',23,10,27.2009,43,32,39.235,'5.91',5.91,5.91,'3.74',3.74,3.74,'F5IV','35.39± 0.77',34.62,36.16,'92',92,92,'1.32',1.32,1.32,'1.26',1.26,1.26,'-12345',-12345,-12345,'6,606.93',6606.9302,6606.9302,-12345,-12345),('안드로메다자리 7','star','안드로메다자리',23,12,33,49,24,22.3,'4.54',4.54,4.54,'2.59',2.59,2.59,'F0V','40.82± 0.57',40.25,41.39,'80',80,80,'1.51',1.51,1.51,'1.66',1.66,1.66,'6',6,6,'7,244.36',7244.3599,7244.3599,-12345,-12345),('안드로메다자리 8','star','안드로메다자리',23,17,44.65,49,0,55.1,'4.85',4.85,4.85,'-1.66',-1.66,-1.66,'M2III','5.79± 0.28',5.51,6.07,'560± 30',530,590,'-12345',-12345,-12345,'-12345',-12345,-12345,'-12345',-12345,-12345,'-12345',-12345,-12345,-12345,-12345);
/*!40000 ALTER TABLE `별` ENABLE KEYS */;
UNLOCK TABLES;

--
-- Table structure for table `별자리`
--

DROP TABLE IF EXISTS `별자리`;
/*!40101 SET @saved_cs_client     = @@character_set_client */;
/*!40101 SET character_set_client = utf8 */;
CREATE TABLE `별자리` (
  `이름` char(64) DEFAULT NULL,
  `라틴어` char(64) CHARACTER SET latin1 DEFAULT NULL,
  `약자` char(64) CHARACTER SET latin1 DEFAULT NULL,
  `소유격` char(64) CHARACTER SET latin1 DEFAULT NULL,
  `상징` char(64) DEFAULT NULL,
  `적경_시` float DEFAULT NULL,
  `적경_분` float DEFAULT NULL,
  `적위_도` float DEFAULT NULL,
  `적위_분` float DEFAULT NULL,
  `남중_월` int(10) DEFAULT NULL,
  `남중_일` int(10) DEFAULT NULL,
  `북쪽위도` int(10) DEFAULT NULL,
  `남쪽위도` int(10) DEFAULT NULL,
  `넓이` int(10) DEFAULT NULL,
  `넓이순위` int(10) DEFAULT NULL,
  `별의수` int(10) DEFAULT NULL,
  `밝은별` char(64) DEFAULT NULL,
  `별밝기` double DEFAULT NULL,
  `유성군` char(255) DEFAULT NULL,
  `이웃별자리` char(255) DEFAULT NULL
) ENGINE=InnoDB DEFAULT CHARSET=euckr COMMENT='별자리에 대한 세분화된 정보';
/*!40101 SET character_set_client = @saved_cs_client */;

--
-- Dumping data for table `별자리`
--

LOCK TABLES `별자리` WRITE;
/*!40000 ALTER TABLE `별자리` DISABLE KEYS */;
INSERT INTO `별자리` VALUES ('오리온자리','Orion','Ori','Orionis','그리스 신화의 오리온',5,34,3,35,1,25,90,75,594,26,8,'리겔 ((β Orionis)',0.12,'오리온자리유성군  치 오리온자리유성군',''),('나침반자리','Pyxis','Pyx','Pyxidis','나침반',8,53,-29,47,3,15,50,90,221,65,0,'α Pyx',3.68,'없음','바다뱀자리  고물자리  돛자리  공기펌프자리'),('안드로메다자리','Andromeda','And','Andromedae','안드로메다',0,34,39,15,11,10,90,40,722,19,3,'알페라츠 (α And)',2.1,'안드로메다유성군','카시오페이아자리  도마뱀자리  페가수스자리  물고기자리  삼각형자리  페르세우스자리'),('공기펌프자리','Antlia','Ant','Antliae','공기펌프',10,7,-33,21,4,5,45,90,239,62,0,'α Ant',4.25,'없음','바다뱀자리  나침반자리  돛자리  센타우루스자리'),('극락조자리','Apus','Aps','Apodis','극락조',16,8,-76,35,7,10,5,90,206,67,0,'α Aps',3.83,'????','남쪽삼각형자리  컴퍼스자리  파리자리  카멜레온자리  팔분의자리  공작자리  제단자리'),('독수리자리','Aquila','Aql','Aquilae','독수리',19,41,3,22,8,30,85,75,652,22,3,'알타이르 (α Aql)',0.77,'????  ???','화살자리  허큘리스자리  뱀주인자리  뱀자리  방패자리  궁수자리  염소자리  물병자리  돌고래자리'),('제단자리','Ara','Ara','Arae','제단',17,14,-51,7,7,20,25,90,237,63,1,'β Ara',2.9,'없음','전갈자리  직각자자리  남쪽삼각형자리  극락조자리  공작자리  망원경자리  남쪽왕관자리'),('양자리','Aries','Ari','Arietis','양',2,41,22,34,12,10,90,60,441,39,-12345,'??? ((α/β Ari)',-12345,'????  ???','삼각형자리  물고기자리  고래자리  황소자리  페르세우스자리'),('마차부자리','Auriga','Aur','Aurigae','마차부',5,57,42,49,1,10,90,40,657,21,4,'카펠라 (α Aur)',0.08,'????','기린자리 페르세우스자리 황소자리 쌍둥이자리 살쾡이자리'),('목동자리','Bootes','Boo','Bootis','목동',14,41,32,20,6,15,60,50,907,13,3,'아르크투루스 (α Boo)',-0.04,'사분의자리 유성우  목동자리 유성우','용자리  큰곰자리  머리털자리  처녀자리  뱀자리  북쪽왕관자리  허큘리스자리'),('조각칼자리','Caelum','Cae','Caeli','조각칼',4,43,-38,10,1,15,40,90,125,81,0,'α Cae',4.45,'없음','에리다누스자리 시계자리 황새치자리 화가자리 비둘기자리 토끼자리'),('기린자리','Camelopardalis','Cam','Camelopardalis','기린',6,9,71,58,2,1,90,10,757,18,0,'β Cam',4.03,'기린자리 유성우(10월)','세페우스자리 카시오페이아자리 페르세우스자리 마차부자리 살쾡이자리 큰곰자리 용자리 작은곰자리'),('게자리','Cancer','Cnc','Cancri','게',8,30,23,34,3,15,90,60,506,31,0,'게자리β',3.5,'게자리 델타','살쾡이자리  쌍둥이자리  작은개자리  바다뱀자리  사자자리  작은사자자리'),('사냥개자리','Canes Venatici','CVn','Canum Venaticorum','사냥개',13,0,40,0,5,20,90,40,465,38,1,'코르 카롤리 ((α/β CVn)',2.89,'????  ???','큰곰자리  머리털자리  목동자리'),('큰개자리','Canis Major','CMa','Canis Majoris','큰개',6,50,-22,19,2,15,60,90,380,43,6,'시리우스 (α CMa)',-1.46,'없음','외뿔소자리  토끼자리  비둘기자리  고물자리'),('작은개자리','Canis Minor','CMi','Canis Minoris','작은개',7,37,6,46,3,1,85,75,182,71,2,'프로키온 ((α/β CMi)',0.4,'????  ???','쌍둥이자리  외뿔소자리  바다뱀자리  게자리'),('염소자리','Capricornus','Cap','Capricorni','염소',21,3,-19,21,9,20,60,90,414,40,1,'염소자리 델타',2.85,'염소자리 알파별 유성군  ???','물병자리  독수리자리  궁수자리  현미경자리  남쪽물고기자리'),('용골자리','Carina','Car','Carinae','용골',7,46,-57,50,3,15,37,90,494,34,11,'카노푸스(α Car)',-0.7,'용골자리 알파별 유성군  용골자리 에타별 유성군','돛자리  고물자리  화가자리  황새치자리  날치자리  카멜레온자리  파리자리  센타우루스자리'),('카시오페이아자리','Cassiopeia','Cas','Cassiopeiae','카시오페이아',0,52,60,18,11,20,90,20,598,25,-12345,'??? ((α/β Cas)',-12345,'????  ???','세페우스자리  도마뱀자리  안드로메다자리  페르세우스자리  기린자리'),('센타우루스자리','Centaurus','Cen','Centauri','켄타우로스',12,57,-44,0,5,20,25,90,1060,9,10,'센타우루스자리 알파((α Cen)',-0.01,'????  ???','바다뱀자리  공기펌프자리  돛자리  용골자리  파리자리  남십자자리  컴퍼스자리  이리자리  천칭자리'),('세페우스자리','Cepheus','Cep','Cephei','세페우스',22,25,72,34,10,15,90,10,588,27,-12345,'??? (α/β Cep)',-12345,'????  ???','작은곰자리  용자리  고니자리  도마뱀자리  카시오페이아자리  기린자리'),('고래자리','Cetus','Cet','Ceti','고래',1,43,-6,22,11,30,70,90,1231,4,2,'데네브 카이토스 (β Cet)',2.04,'없음','물고기자리  물병자리  조각가자리  화로자리  에리다누스자리  황소자리  양자리'),('카멜레온자리','Chamaeleon','Cha','Chamaeleontis','카멜레온',12,0,-81,1,4,15,0,90,132,79,-12345,'카멜레온자리 알파 ((α/β Cha)',4.05,'???? ???','파리자리 용골자리 날치자리 테이블산자리 팔분의자리 극락조자리'),('컴퍼스자리','Circinus','Cir','Circini','컴퍼스',14,32,-67,18,6,15,10,90,93,85,0,'α Cir',3.18,'없음','센타우루스자리  파리자리  극락조자리  남쪽삼각형자리  직각자자리  이리자리'),('비둘기자리','Columba','Col','Columbae','비둘기',5,42,-37,55,1,30,45,90,270,54,2,'??? ((α/β Col)',3,'????  ???','토끼자리  조각칼자리  화가자리  고물자리  큰개자리'),('머리털자리','Coma Berenices','Com','Comae Berenices','머리털',12,45,22,39,5,15,90,16,386,42,0,'β Com',4.26,'없음','사냥개자리  큰곰자리  사자자리  처녀자리  목동자리'),('남쪽왕관자리','Corona Australis','CrA','Coronae Australis','남쪽왕관',18,39,-41,45,8,15,40,90,128,80,0,'α CrA',4.1,'????','궁수자리  전갈자리  제단자리  망원경자리'),('북쪽왕관자리','Corona Borealis','CrB','Coronae Borealis','북쪽왕관',15,53,32,38,6,30,90,50,179,73,1,'알페카 ((α/β CrB)',2,'????  ???','허큘리스자리  목동자리  뱀자리'),('까마귀자리','Corvus','Crv','Corvi','까마귀',12,23,-18,38,5,10,60,90,184,70,2,'까마귀자리 감마 ((γ Crv)',2.59,'까마귀자리 유성우(6월 26일)','처녀자리  컵자리  바다뱀자리'),('컵자리','Crater','Crt','Crateris','술잔',11,21,-38,45,4,25,65,90,282,53,0,'컵자리 델타 (δ Crt)',3.57,'????  ???','사자자리  육분의자리  바다뱀자리  까마귀자리  처녀자리'),('남십자자리','Crux','Cru','Crucis','남십자',12,29,-60,18,5,10,33,90,68,88,4,'아크룩스(0.8) ((α/β Cru)',0.8,'???? ???','센타우루스자리 파리자리'),('고니자리','Cygnus','Cyg','Cygni','백조',20,36,49,35,9,10,90,40,804,16,4,'데네브 (α Cyg)',1.25,'October Cyg  κ Cyg','세페우스자리  용자리  거문고자리  작은여우자리  페가수스자리  도마뱀자리'),('돌고래자리','Delphinus','Del','Delphini','돌고래',20,40,12,6,9,15,90,70,189,69,0,'β Del',3.63,'없음','작은여우자리  화살자리  독수리자리  물병자리  조랑말자리  페가수스자리'),('황새치자리','Dorado','Dor','Doradus','황새치',5,20,-63,1,1,20,20,90,179,72,0,'α Dor',3.27,'없음','화가자리  조각칼자리  시계자리  그물자리  물뱀자리  테이블산자리  날치자리'),('용자리','Draco','Dra','Draconis','용',17,57,66,4,7,20,90,15,1083,8,3,'엘타닌 (γ Dra)',2.24,'*용자리 유성우   사분의자리 유성우  용자리 감마 유성우','작은곰자리  기린자리  큰곰자리  목동자리  허큘리스자리  거문고자리  고니자리  세페우스자리'),('조랑말자리','Equuleus','Equ','Equulei','조랑말',21,15,7,56,9,20,90,80,72,87,-12345,'??? ((α/β Equ)',-12345,'????  ???','페가수스자리  돌고래자리  물병자리'),('에리다누스자리','Eridanus','Eri','Eridani','에리다누스',3,53,-17,59,1,5,32,90,1138,6,4,'Achernar (α Eri)',0.5,'없음','황소자리  고래자리  화로자리  불사조자리  큰부리새자리  물뱀자리  시계자리  조각칼자리  토끼자리  오리온자리'),('화로자리','Fornax','For','Fornacis','화로',2,46,-26,4,12,15,50,90,398,41,0,'α For',3.87,'없음','에리다누스자리  고래자리  조각가자리  불사조자리'),('쌍둥이자리','Gemini','Gem','Geminorum','쌍둥이',6,51,24,49,2,20,90,60,514,30,-12345,'폴룩스 (β Gem)',1.15,'쌍둥이자리 유성우  Rho Geminids','마차부자리  황소자리  오리온자리  외뿔소자리  작은개자리  게자리  살쾡이자리'),('두루미자리','Grus','Gru','Gruis','두루미',22,27,-45,49,10,10,34,34,366,45,3,'α Gru',1.73,'????','남쪽물고기자리  현미경자리  인디언자리  큰부리새자리  불사조자리  조각가자리'),('헤르쿨레스자리','Hercules','Her','Herculis','헤르쿨레스',17,26,31,14,7,25,90,50,1225,5,2,'??? (α/β Her)',-12345,'????  ???','용자리  목동자리  북쪽왕관자리  뱀자리  뱀주인자리  독수리자리  화살자리  작은여우자리  거문고자리'),('시계자리','Horologium','Hor','Horologii','시계',3,13,-52,0,12,25,30,90,249,58,-12345,'??? ((α/β Hor)',-12345,'???? ???','에리다누스자리 물뱀자리 그물자리 황새치자리 조각칼자리'),('바다뱀자리','Hydra','Hya','Hydrae','바다뱀',9,8,-11,41,4,20,54,83,1303,1,1,'알파드(코르 히드레) (α Hya)',1.98,'바다뱀자리 알파  바다뱀자리 시그마','게자리  작은개자리  외뿔소자리  고물자리  나침반자리  공기펌프자리  센타우루스자리  이리자리  천칭자리  처녀자리  까마귀자리  컵자리  육분의자리  사자자리'),('물뱀자리','Hydrus','Hyi','Hydri','물뱀',2,35,-72,55,12,10,8,90,243,61,2,'β Hyi',2.82,'없음','시계자리  에리다누스자리  불사조자리  큰부리새자리  팔분의자리  테이블산자리  황새치자리  그물자리'),('인디언자리','Indus','Ind','Indi','인디언',21,8,-52,19,9,25,15,90,294,49,-12345,'??? ((α/β Ind)',-12345,'????  ???','현미경자리  궁수자리  망원경자리  공작자리  팔분의자리  큰부리새자리  두루미자리'),('도마뱀자리','Lacerta','Lac','Lacertae','도마뱀',22,31,46,40,10,10,90,35,201,68,0,'α Lac',3.76,'????','세페우스자리 고니자리 페가수스자리 안드로메다자리 카시오페이아자리'),('사자자리','Leo','Leo','Leonis','사자',10,0,7,0,4,10,90,65,947,12,3,'레굴루스 (α Leo)',1.4,'사자자리 유성우','작은사자자리  게자리  바다뱀자리  육분의자리  컵자리  처녀자리  머리털자리  큰곰자리'),('작은사자자리','Leo Minor','LMi','Leonis Minoris','작은사자',10,19,33,14,4,10,90,45,232,64,-12345,'??? ((α/β LMi)',-12345,'????  ???','큰곰자리  살쾡이자리  게자리  사자자리'),('토끼자리','Lepus','Lep','Leporis','토끼',5,26,-19,39,1,25,63,90,290,51,2,'아르네브 (α Lep)',2.58,'없음','오리온자리  에리다누스자리  조각칼자리  비둘기자리  큰개자리'),('천칭자리','Libra','Lib','Librae','천칭',15,11,-15,33,6,20,65,90,538,29,-12345,'??? ((α/β Lib)',-12345,'????  ???','처녀자리  바다뱀자리  센타우루스자리  이리자리  전갈자리  뱀주인자리  뱀자리'),('이리자리','Lupus','Lup','Lupi','이리',15,23,-42,43,6,20,35,90,334,46,7,'Men (α Lup)',2.3,'없음','천칭자리  센타우루스자리  컴퍼스자리  직각자자리  전갈자리'),('살쾡이자리','Lynx','Lyn','Lyncis','살쾡이',7,44,47,50,3,5,90,55,545,28,1,'살쾡이자리 알파 ((α/β Lyn)',3,'????  ???','쌍둥이자리  게자리  사자자리  작은사자자리  큰곰자리  기린자리  마차부자리'),('거문고자리','Lyra','Lyr','Lyrae','거문고',18,54,40,39,8,15,90,29,286,52,1,'베가 (α Lyr)',0,'거문고자리 유성우  거문고자리 에타  거문고자리 준','용자리  허큘리스자리  작은여우자리  고니자리'),('테이블산자리','Mensa','Men','Mensae','테이블산',5,30,-79,1,1,30,4,90,153,75,0,'테이블산자리 알파 (α Men)',5.09,'????  ???','황새치자리  물뱀자리  팔분의자리  카멜레온자리  날치자리'),('현미경자리','Microscopium','Mic','Microscopii','현미경',20,57,-37,48,9,20,45,90,210,66,-12345,'??? ((α/β Mic)',-12345,'????','염소자리  궁수자리  망원경자리  인디언자리  두루미자리  남쪽물고기자리'),('외뿔소자리','Monoceros','Mon','Monocerotis','외뿔소',6,58,-3,16,2,20,75,85,482,35,1,'외뿔소자리 알파 ((α/β Mon)',3.83,'????  ???','쌍둥이자리  오리온자리  토끼자리  큰개자리  고물자리  바다뱀자리  작은개자리'),('파리자리','Musca','Mus','Muscae','파리',12,28,-69,8,5,10,10,90,138,77,-12345,'??? ((α/β Mus)',-12345,'????  ???','남십자자리  센타우루스자리  용골자리  카멜레온자리  극락조자리  컴퍼스자리'),('직각자자리','Norma','Nor','Normae','직각자',16,3,-52,43,7,5,30,90,165,74,0,'직각자자리 알파 ((α/β Nor)',5,'????  ???','이리자리  컴퍼스자리  남쪽삼각형자리  제단자리  전갈자리'),('팔분의자리','Octans','Oct','Octantis','팔분의',22,10,-84,16,9,20,0,90,291,50,-12345,'??? ((α/β Oct)',-12345,'????  ???','큰부리새자리  인디언자리  공작자리  극락조자리  카멜레온자리  테이블산자리  물뱀자리'),('공작자리','Pavo','Pav','Pavonis','공작',19,10,-65,52,8,25,30,90,378,44,1,'α Pav',1.94,'없음','망원경자리 제단자리 극락조자리 팔분의자리 인디언자리'),('페가수스자리','Pegasus','Peg','Pegasi','페가수스',22,37,19,39,10,20,90,60,1121,7,-12345,'??? (α/β Peg)',-12345,'????  ???','도마뱀자리  고니자리  작은여우자리  돌고래자리  조랑말자리  물병자리  물고기자리  안드로메다자리'),('페르세우스자리','Perseus','Per','Persei','페르세우스',3,31,44,46,12,25,90,35,615,24,6,'미르파크 ((α/β Per)',1.79,'페르세우스자리 유성우  9월 페르세우스자리 유성우','기린자리  카시오페이아자리  안드로메다자리  삼각형자리  양자리  황소자리  마차부자리'),('봉황자리','Phoenix','Phe','Phoenicis','불사조 또는 봉황',0,44,-48,46,11,20,32,90,469,37,-12345,'??? ((α/β Phe)',-12345,'???? ???','조각가자리 두루미자리 큰부리새자리 물뱀자리 에리다누스자리 화로자리'),('화가자리','Pictor','Pic','Pictoris','화가',5,23,-51,22,1,20,26,90,247,59,-12345,'??? ((α/β Pic)',-12345,'????  ???','비둘기자리  조각칼자리  황새치자리  날치자리  용골자리  고물자리'),('남쪽물고기자리','Piscis Austrinus','PsA','Piscis Austrini','남쪽물고기',22,25,-31,34,10,10,55,90,245,60,1,'포말하우트 ((α/β PsA)',1.2,'???','물병자리  염소자리  현미경자리  두루미자리  조각가자리'),('고물자리','Puppis','Pup','Puppis','고물',7,52,-32,37,2,25,40,90,673,20,4,'나오스 ((ζ Pup)',2.25,'없음','외뿔소자리  큰개자리  비둘기자리  화가자리  용골자리  돛자리  나침반자리  바다뱀자리'),('그물자리','Reticulum','Ret','Reticulii','그물',3,54,-60,31,12,30,23,90,114,82,0,'α Ret',3.3,'???','시계자리  물뱀자리  황새치자리'),('화살자리','Sagitta','Sge','Sagittae','화살',19,40,17,0,8,30,90,70,80,86,-12345,'??? ((α/β Sge)',-12345,'????  ???','작은여우자리  허큘리스자리  독수리자리  돌고래자리'),('궁수자리','Sagittarius','Sgr','Sagittarii','궁수',19,23,-29,53,8,20,55,90,867,15,7,'카우스 오스트랄리스 (ε Sgr)',1.79,'????','독수리자리  방패자리  뱀자리  뱀주인자리  전갈자리  남쪽왕관자리  망원경자리  인디언자리  현미경자리  염소자리'),('전갈자리','Scorpius','Sco','Scorpii','전갈',16,52,-35,20,7,20,40,90,497,33,1,'안타레스 (α Sco)',0.9,'전갈자리 알파별 유성군  전갈자리 오메가별 유성군','뱀주인자리  천칭자리  이리자리  직각자자리  제단자리  남쪽왕관자리  궁수자리'),('조각가자리','Sculptor','Scl','Sculptoris','조각가',1,0,-38,31,11,10,50,90,475,36,0,'조각가자리 알파 ((α/β Scl)',4.3,'????  ???','고래자리  물병자리  남쪽물고기자리  두루미자리  봉황자리  화로자리'),('방패자리','Scutum','Sct','Scuti','방패',18,39,-10,53,8,15,80,90,109,84,-12345,'??? ((α/β Sct)',-12345,'???? ???','뱀자리 궁수자리 독수리자리'),('뱀자리','Serpens','Ser','Serpentis','뱀',15,44,10,51,6,30,80,80,637,23,2,'Unukalhai (α Ser)',2.6,'없음','뱀머리:   북쪽왕관자리  목동자리  처녀자리  천칭자리  뱀주인자리  허큘리스자리  뱀꼬리:   뱀주인자리  궁수자리  방패자리  독수리자리'),('육분의자리','Sextans','Sex','Sextantis','육분의',10,6,-1,8,4,5,80,80,314,47,-12345,'??? ((α/β Sex)',-12345,'????  ???','사자자리  바다뱀자리  컵자리'),('황소자리','Taurus','Tau','Tauri','황소',4,6,17,20,1,15,90,65,797,17,3,'알데바란 ((α/β Tau)',0.98,'????  ???','마차부자리  페르세우스자리  양자리  고래자리  에리다누스자리  오리온자리  쌍둥이자리'),('망원경자리','Telescopium','Tel','Telescopii','망원경',19,15,-51,28,8,25,40,90,252,57,0,'망원경자리 알파 ((α/β Tel)',3.49,'????','남쪽왕관자리  제단자리  공작자리  인디언자리  현미경자리  궁수자리'),('삼각형자리','Triangulum','Tri','Trianguli','삼각형',2,3,32,20,12,5,90,60,132,78,-12345,'　 ((α/β Tri)',-12345,'','안드로메다자리  물고기자리  양자리  페르세우스자리'),('남쪽삼각형자리','Triangulum Australe','TrA','Trianguli Australis','남쪽삼각형',16,7,-65,6,7,5,25,90,110,83,3,'(α TrA) 아트리아',1.91,'없음','직각자자리  컴퍼스자리  극락조자리  제단자리'),('큰부리새자리','Tucana','Tuc','Toucanae','큰부리새',23,50,-64,56,11,5,25,90,295,48,-12345,'??? ((α/β Tuc)',-12345,'????  ???','불사조자리  두루미자리  인디언자리  팔분의자리  물뱀자리'),('큰곰자리','Ursa Major','UMa','Ursae Majoris','큰곰',10,16,57,29,4,20,90,30,1280,3,7,'큰곰자리 엡실론 ((α/β UMa)',1.7124,'????  ???','용자리  기린자리  살쾡이자리  작은사자자리  사자자리  사냥개자리  목동자리'),('작은곰자리','Ursa Minor','UMi','Ursae Minoris','작은 곰',14,58,75,2,6,25,90,10,256,56,2,'폴라리스 (α UMi)',1.97,'작은곰자리 유성우  ???','세페우스자리  기린자리  용자리'),('날치자리','Volans','Vol','Volantis','날치',7,40,-69,37,3,1,15,90,141,76,0,'β Vol',3.7,'????','용골자리  화가자리  황새치자리  테이블산자리  카멜레온자리'),('작은여우자리','Vulpecula','Vul','Vulpeculae','작은여우',20,22,25,2,9,10,90,55,268,55,0,'Anser (α Vul)',4.4,'없음','고니자리  거문고자리  허큘리스자리  화살자리  돌고래자리  페가수스자리'),('처녀자리','Virgo','Vir','Virginis','처녀',13,21,-3,31,5,25,80,80,1294,2,-12345,'스피카 (α/β Vir)',1,'????  ???','머리털자리  사자자리  컵자리  까마귀자리  바다뱀자리  천칭자리  뱀자리  목동자리'),('사분의자리','Quadrans Muralis','QaM','Quadrantids Muralis','사분의',14,0,54,0,-12345,-12345,-12345,-12345,-12345,-12345,-12345,'용자리 CL(~1885: 사분의자리) ((α/β QaM)',4.95,'사분의자리 유성우','큰곰자리  헤르쿨레스자리  용자리  목동자리'),('작은삼각형자리','Triangulum Minus','TrM','Trianguli Minus','작은삼각형',2,0,30,0,-12345,-12345,-12345,-12345,-12345,-12345,-12345,'(작은)삼각형자리 6 (α/β Tri)',4.94,'　','삼각형자리  물고기자리  페르세우스자리'),('뱀주인자리','Ophiuchus','Oph','Ophiuchi','뱀주인',17,2,-2,21,7,25,80,80,948,11,5,'??? ((α/β Oph)',-12345,'????  ???','허큘리스자리  뱀자리  천칭자리  전갈자리  궁수자리  독수리자리'),('물병자리','Aquarius','Aqr','Aquarii','물병',22,42,-10,28,10,10,65,90,980,10,2,'포말하우트(β Aqr)',1.2,'*물병자리 η 유성군   물병자리 δ 유성군  물병자리 ι 유성군','페가수스자리  조랑말자리  돌고래자리  독수리자리  염소자리  남쪽물고기자리  조각가자리  고래자리  물고기자리'),('물고기자리','Pisces','Psc','Piscium','물고기',0,53,15,29,11,10,65,90,889,14,0,'η Psc',3.62,'???','안드로메다자리  페가수스자리  물병자리  고래자리  양자리  삼각형자리'),('돛자리','Vela','Vel','Velorum','돛',9,20,-48,29,3,25,30,90,500,32,6,'γ Vel',1.75,'돛자리 감마별 유성군  돛자리 델타별 유성군','공기펌프자리  나침반자리  고물자리  용골자리  센타우루스자리');
/*!40000 ALTER TABLE `별자리` ENABLE KEYS */;
UNLOCK TABLES;

--
-- Table structure for table `constellation`
--

DROP TABLE IF EXISTS `constellation`;
/*!40101 SET @saved_cs_client     = @@character_set_client */;
/*!40101 SET character_set_client = utf8 */;
CREATE TABLE `constellation` (
  `name` char(32) DEFAULT NULL,
  `latin` char(32) DEFAULT NULL,
  `abbreviation` char(16) DEFAULT NULL,
  `possesive` char(32) DEFAULT NULL,
  `symbol` char(32) DEFAULT NULL,
  `rightascension` char(32) DEFAULT NULL,
  `declination` char(32) DEFAULT NULL,
  `culmination` char(32) DEFAULT NULL,
  `northlatitude` char(8) DEFAULT NULL,
  `southlatitude` char(8) DEFAULT NULL,
  `area` char(8) DEFAULT NULL,
  `arearank` char(8) DEFAULT NULL,
  `numofstar` char(32) DEFAULT NULL,
  `shinystar` char(32) DEFAULT NULL,
  `brightness` char(8) DEFAULT NULL,
  `meteorstream` char(255) DEFAULT NULL,
  `neighbors` char(255) DEFAULT NULL
) ENGINE=InnoDB DEFAULT CHARSET=euckr;
/*!40101 SET character_set_client = @saved_cs_client */;

--
-- Dumping data for table `constellation`
--

LOCK TABLES `constellation` WRITE;
/*!40000 ALTER TABLE `constellation` DISABLE KEYS */;
INSERT INTO `constellation` VALUES ('오리온자리','Orion','Ori','Orionis','그리스 신화의 오리온','RA|5|34','DEC|3|35','1|25','90','75','594','26','8','리겔 ((β Orionis)','0.12','오리온자리유성군  치 오리온자리유성군',''),('나침반자리','Pyxis','Pyx','Pyxidis','나침반','RA|8|53','DEC|-29|47','3|15','50','90','221','65','0','α Pyx','3.68','없음','바다뱀자리  고물자리  돛자리  공기펌프자리'),('안드로메다자리','Andromeda','And','Andromedae','안드로메다','RA|0|34','DEC|39|15','11|10','90','40','722','19','3','알페라츠 (α And)','2.1','안드로메다유성군','카시오페이아자리  도마뱀자리  페가수스자리  물고기자리  삼각형자리  페르세우스자리'),('공기펌프자리','Antlia','Ant','Antliae','공기펌프','RA|10|7','DEC|-33|21','4|5','45','90','239','62','0','α Ant','4.25','없음','바다뱀자리  나침반자리  돛자리  센타우루스자리'),('극락조자리','Apus','Aps','Apodis','극락조','RA|16|8','DEC|-76|35','7|10','5','90','206','67','0','α Aps','3.83','????','남쪽삼각형자리  컴퍼스자리  파리자리  카멜레온자리  팔분의자리  공작자리  제단자리'),('독수리자리','Aquila','Aql','Aquilae','독수리','RA|19|41','DEC|3|22','8|30','85','75','652','22','3','알타이르 (α Aql)','0.77','????  ???','화살자리  허큘리스자리  뱀주인자리  뱀자리  방패자리  궁수자리  염소자리  물병자리  돌고래자리'),('제단자리','Ara','Ara','Arae','제단','RA|17|14','DEC|-51|7','7|20','25','90','237','63','1','β Ara','2.9','없음','전갈자리  직각자자리  남쪽삼각형자리  극락조자리  공작자리  망원경자리  남쪽왕관자리'),('양자리','Aries','Ari','Arietis','양','RA|2|41','DEC|22|34','12|10','90','60','441','39','','??? ((α/β Ari)','','????  ???','삼각형자리  물고기자리  고래자리  황소자리  페르세우스자리'),('마차부자리','Auriga','Aur','Aurigae','마차부','RA|5|57','DEC|42|49','1|10','90','40','657','21','4','카펠라 (α Aur)','0.08','????','기린자리 페르세우스자리 황소자리 쌍둥이자리 살쾡이자리'),('목동자리','Bootes','Boo','Bootis','목동','RA|14|41','DEC|32|20','6|15','60','50','907','13','3','아르크투루스 (α Boo)','-0.04','사분의자리 유성우  목동자리 유성우','용자리  큰곰자리  머리털자리  처녀자리  뱀자리  북쪽왕관자리  허큘리스자리'),('조각칼자리','Caelum','Cae','Caeli','조각칼','RA|4|43','DEC|-38|10','1|15','40','90','125','81','0','α Cae','4.45','없음','에리다누스자리 시계자리 황새치자리 화가자리 비둘기자리 토끼자리'),('기린자리','Camelopardalis','Cam','Camelopardalis','기린','RA|6|9','DEC|71|58','2|1','90','10','757','18','0','β Cam','4.03','기린자리 유성우(10월)','세페우스자리 카시오페이아자리 페르세우스자리 마차부자리 살쾡이자리 큰곰자리 용자리 작은곰자리'),('게자리','Cancer','Cnc','Cancri','게','RA|8|30','DEC|23|34','3|15','90','60','506','31','0','게자리β','3.5','게자리 델타','살쾡이자리  쌍둥이자리  작은개자리  바다뱀자리  사자자리  작은사자자리'),('사냥개자리','Canes Venatici','CVn','Canum Venaticorum','사냥개','RA|13|0','DEC|40|0','5|20','90','40','465','38','1','코르 카롤리 ((α/β CVn)','2.89','????  ???','큰곰자리  머리털자리  목동자리'),('큰개자리','Canis Major','CMa','Canis Majoris','큰개','RA|6|50','DEC|-22|19','2|15','60','90','380','43','6','시리우스 (α CMa)','-1.46','없음','외뿔소자리  토끼자리  비둘기자리  고물자리'),('작은개자리','Canis Minor','CMi','Canis Minoris','작은개','RA|7|37','DEC|6|46','3|1','85','75','182','71','2','프로키온 ((α/β CMi)','0.4','????  ???','쌍둥이자리  외뿔소자리  바다뱀자리  게자리'),('염소자리','Capricornus','Cap','Capricorni','염소','RA|21|3','DEC|-19|21','9|20','60','90','414','40','1','염소자리 델타','2.85','염소자리 알파별 유성군  ???','물병자리  독수리자리  궁수자리  현미경자리  남쪽물고기자리'),('용골자리','Carina','Car','Carinae','용골','RA|7|46','DEC|-57|50','3|15','37','90','494','34','11','카노푸스(α Car)','-0.7','용골자리 알파별 유성군  용골자리 에타별 유성군','돛자리  고물자리  화가자리  황새치자리  날치자리  카멜레온자리  파리자리  센타우루스자리'),('카시오페이아자리','Cassiopeia','Cas','Cassiopeiae','카시오페이아','RA|0|52','DEC|60|18','11|20','90','20','598','25','','??? ((α/β Cas)','','????  ???','세페우스자리  도마뱀자리  안드로메다자리  페르세우스자리  기린자리'),('센타우루스자리','Centaurus','Cen','Centauri','켄타우로스','RA|12|57','DEC|-44|0','5|20','25','90','1060','9','10','센타우루스자리 알파((α Cen)','-0.01','????  ???','바다뱀자리  공기펌프자리  돛자리  용골자리  파리자리  남십자자리  컴퍼스자리  이리자리  천칭자리'),('세페우스자리','Cepheus','Cep','Cephei','세페우스','RA|22|25','DEC|72|34','10|15','90','10','588','27','','??? (α/β Cep)','','????  ???','작은곰자리  용자리  고니자리  도마뱀자리  카시오페이아자리  기린자리'),('고래자리','Cetus','Cet','Ceti','고래','RA|1|43','DEC|-6|22','11|30','70','90','1231','4','2','데네브 카이토스 (β Cet)','2.04','없음','물고기자리  물병자리  조각가자리  화로자리  에리다누스자리  황소자리  양자리'),('카멜레온자리','Chamaeleon','Cha','Chamaeleontis','카멜레온','RA|12|0','DEC|-81|1','4|15','0','90','132','79','','카멜레온자리 알파 ((α/β Cha)','4.05','???? ???','파리자리 용골자리 날치자리 테이블산자리 팔분의자리 극락조자리'),('컴퍼스자리','Circinus','Cir','Circini','컴퍼스','RA|14|32','DEC|-67|18','6|15','10','90','93','85','0','α Cir','3.18','없음','센타우루스자리  파리자리  극락조자리  남쪽삼각형자리  직각자자리  이리자리'),('비둘기자리','Columba','Col','Columbae','비둘기','RA|5|42','DEC|-37|55','1|30','45','90','270','54','2','??? ((α/β Col)','3','????  ???','토끼자리  조각칼자리  화가자리  고물자리  큰개자리'),('머리털자리','Coma Berenices','Com','Comae Berenices','머리털','RA|12|45','DEC|22|39','5|15','90','16','386','42','0','β Com','4.26','없음','사냥개자리  큰곰자리  사자자리  처녀자리  목동자리'),('남쪽왕관자리','Corona Australis','CrA','Coronae Australis','남쪽왕관','RA|18|39','DEC|-41|45','8|15','40','90','128','80','0','α CrA','4.10','????','궁수자리  전갈자리  제단자리  망원경자리'),('북쪽왕관자리','Corona Borealis','CrB','Coronae Borealis','북쪽왕관','RA|15|53','DEC|32|38','6|30','90','50','179','73','1','알페카 ((α/β CrB)','2','????  ???','허큘리스자리  목동자리  뱀자리'),('까마귀자리','Corvus','Crv','Corvi','까마귀','RA|12|23','DEC|-18|38','5|10','60','90','184','70','2','까마귀자리 감마 ((γ Crv)','2.59','까마귀자리 유성우(6월 26일)','처녀자리  컵자리  바다뱀자리'),('컵자리','Crater','Crt','Crateris','술잔','RA|11|21','DEC|-38|45','4|25','65','90','282','53','0','컵자리 델타 (δ Crt)','3.57','????  ???','사자자리  육분의자리  바다뱀자리  까마귀자리  처녀자리'),('남십자자리','Crux','Cru','Crucis','남십자','RA|12|29','DEC|-60|18','5|10','33','90','68','88','4','아크룩스(0.8) ((α/β Cru)','0.8','???? ???','센타우루스자리 파리자리'),('고니자리','Cygnus','Cyg','Cygni','백조','RA|20|36','DEC|49|35','9|10','90','40','804','16','4','데네브 (α Cyg)','1.25','October Cyg  κ Cyg','세페우스자리  용자리  거문고자리  작은여우자리  페가수스자리  도마뱀자리'),('돌고래자리','Delphinus','Del','Delphini','돌고래','RA|20|40','DEC|12|6','9|15','90','70','189','69','0','β Del','3.63','없음','작은여우자리  화살자리  독수리자리  물병자리  조랑말자리  페가수스자리'),('황새치자리','Dorado','Dor','Doradus','황새치','RA|5|20','DEC|-63|1','1|20','20','90','179','72','0','α Dor','3.27','없음','화가자리  조각칼자리  시계자리  그물자리  물뱀자리  테이블산자리  날치자리'),('용자리','Draco','Dra','Draconis','용','RA|17|57','DEC|66|4','7|20','90','15','1083','8','3','엘타닌 (γ Dra)','2.24','*용자리 유성우   사분의자리 유성우  용자리 감마 유성우','작은곰자리  기린자리  큰곰자리  목동자리  허큘리스자리  거문고자리  고니자리  세페우스자리'),('조랑말자리','Equuleus','Equ','Equulei','조랑말','RA|21|15','DEC|7|56','9|20','90','80','72','87','','??? ((α/β Equ)','','????  ???','페가수스자리  돌고래자리  물병자리'),('에리다누스자리','Eridanus','Eri','Eridani','에리다누스','RA|3|53','DEC|-17|59','1|5','32','90','1138','6','4','Achernar (α Eri)','0.5','없음','황소자리  고래자리  화로자리  불사조자리  큰부리새자리  물뱀자리  시계자리  조각칼자리  토끼자리  오리온자리'),('화로자리','Fornax','For','Fornacis','화로','RA|2|46','DEC|-26|4','12|15','50','90','398','41','0','α For','3.87','없음','에리다누스자리  고래자리  조각가자리  불사조자리'),('쌍둥이자리','Gemini','Gem','Geminorum','쌍둥이','RA|6|51','DEC|24|49','2|20','90','60','514','30','','폴룩스 (β Gem)','1.15','쌍둥이자리 유성우  Rho Geminids','마차부자리  황소자리  오리온자리  외뿔소자리  작은개자리  게자리  살쾡이자리'),('두루미자리','Grus','Gru','Gruis','두루미','RA|22|27','DEC|-45|49','10|10','34','34','366','45','3','α Gru','1.73','????','남쪽물고기자리  현미경자리  인디언자리  큰부리새자리  불사조자리  조각가자리'),('헤르쿨레스자리','Hercules','Her','Herculis','헤르쿨레스','RA|17|26','DEC|31|14','7|25','90','50','1225','5','2','??? (α/β Her)','','????  ???','용자리  목동자리  북쪽왕관자리  뱀자리  뱀주인자리  독수리자리  화살자리  작은여우자리  거문고자리'),('시계자리','Horologium','Hor','Horologii','시계','RA|3|13','DEC|-52|0','12|25','30','90','249','58','','??? ((α/β Hor)','','???? ???','에리다누스자리 물뱀자리 그물자리 황새치자리 조각칼자리'),('바다뱀자리','Hydra','Hya','Hydrae','바다뱀','RA|9|8','DEC|-11|41','4|20','54','83','1303','1','1','알파드(코르 히드레) (α Hya)','1.98','바다뱀자리 알파  바다뱀자리 시그마','게자리  작은개자리  외뿔소자리  고물자리  나침반자리  공기펌프자리  센타우루스자리  이리자리  천칭자리  처녀자리  까마귀자리  컵자리  육분의자리  사자자리'),('물뱀자리','Hydrus','Hyi','Hydri','물뱀','RA|2|35','DEC|-72|55','12|10','8','90','243','61','2','β Hyi','2.82','없음','시계자리  에리다누스자리  불사조자리  큰부리새자리  팔분의자리  테이블산자리  황새치자리  그물자리'),('인디언자리','Indus','Ind','Indi','인디언','RA|21|8','DEC|-52|19','9|25','15','90','294','49','','??? ((α/β Ind)','','????  ???','현미경자리  궁수자리  망원경자리  공작자리  팔분의자리  큰부리새자리  두루미자리'),('도마뱀자리','Lacerta','Lac','Lacertae','도마뱀','RA|22|31','DEC|46|40','10|10','90','35','201','68','0','α Lac','3.76','????','세페우스자리 고니자리 페가수스자리 안드로메다자리 카시오페이아자리'),('사자자리','Leo','Leo','Leonis','사자','RA|10|0','DEC|7|0','4|10','90','65','947','12','3','레굴루스 (α Leo)','1.4','사자자리 유성우','작은사자자리  게자리  바다뱀자리  육분의자리  컵자리  처녀자리  머리털자리  큰곰자리'),('작은사자자리','Leo Minor','LMi','Leonis Minoris','작은사자','RA|10|19','DEC|33|14','4|10','90','45','232','64','','??? ((α/β LMi)','','????  ???','큰곰자리  살쾡이자리  게자리  사자자리'),('토끼자리','Lepus','Lep','Leporis','토끼','RA|5|26','DEC|-19|39','1|25','63','90','290','51','2','아르네브 (α Lep)','2.58','없음','오리온자리  에리다누스자리  조각칼자리  비둘기자리  큰개자리'),('천칭자리','Libra','Lib','Librae','천칭','RA|15|11','DEC|-15|33','6|20','65','90','538','29','','??? ((α/β Lib)','','????  ???','처녀자리  바다뱀자리  센타우루스자리  이리자리  전갈자리  뱀주인자리  뱀자리'),('이리자리','Lupus','Lup','Lupi','이리','RA|15|23','DEC|-42|43','6|20','35','90','334','46','7','Men (α Lup)','2.3','없음','천칭자리  센타우루스자리  컴퍼스자리  직각자자리  전갈자리'),('살쾡이자리','Lynx','Lyn','Lyncis','살쾡이','RA|7|44','DEC|47|50','3|5','90','55','545','28','1','살쾡이자리 알파 ((α/β Lyn)','3','????  ???','쌍둥이자리  게자리  사자자리  작은사자자리  큰곰자리  기린자리  마차부자리'),('거문고자리','Lyra','Lyr','Lyrae','거문고','RA|18|54','DEC|40|39','8|15','90','29','286','52','1','베가 (α Lyr)','0','거문고자리 유성우  거문고자리 에타  거문고자리 준','용자리  허큘리스자리  작은여우자리  고니자리'),('테이블산자리','Mensa','Men','Mensae','테이블산','RA|5|30','DEC|-79|1','1|30','4','90','153','75','0','테이블산자리 알파 (α Men)','5.09','????  ???','황새치자리  물뱀자리  팔분의자리  카멜레온자리  날치자리'),('현미경자리','Microscopium','Mic','Microscopii','현미경','RA|20|57','DEC|-37|48','9|20','45','90','210','66','','??? ((α/β Mic)','','????','염소자리  궁수자리  망원경자리  인디언자리  두루미자리  남쪽물고기자리'),('외뿔소자리','Monoceros','Mon','Monocerotis','외뿔소','RA|6|58','DEC|-3|16','2|20','75','85','482','35','1','외뿔소자리 알파 ((α/β Mon)','3.83','????  ???','쌍둥이자리  오리온자리  토끼자리  큰개자리  고물자리  바다뱀자리  작은개자리'),('파리자리','Musca','Mus','Muscae','파리','RA|12|28','DEC|-69|8','5|10','10','90','138','77','','??? ((α/β Mus)','','????  ???','남십자자리  센타우루스자리  용골자리  카멜레온자리  극락조자리  컴퍼스자리'),('직각자자리','Norma','Nor','Normae','직각자','RA|16|3','DEC|-52|43','7|5','30','90','165','74','0','직각자자리 알파 ((α/β Nor)','5','????  ???','이리자리  컴퍼스자리  남쪽삼각형자리  제단자리  전갈자리'),('팔분의자리','Octans','Oct','Octantis','팔분의','RA|22|10','DEC|-84|16','9|20','0','90','291','50','','??? ((α/β Oct)','','????  ???','큰부리새자리  인디언자리  공작자리  극락조자리  카멜레온자리  테이블산자리  물뱀자리'),('공작자리','Pavo','Pav','Pavonis','공작','RA|19|10','DEC|-65|52','8|25','30','90','378','44','1','α Pav','1.94','없음','망원경자리 제단자리 극락조자리 팔분의자리 인디언자리'),('페가수스자리','Pegasus','Peg','Pegasi','페가수스','RA|22|37','DEC|19|39','10|20','90','60','1121','7','','??? (α/β Peg)','','????  ???','도마뱀자리  고니자리  작은여우자리  돌고래자리  조랑말자리  물병자리  물고기자리  안드로메다자리'),('페르세우스자리','Perseus','Per','Persei','페르세우스','RA|3|31','DEC|44|46','12|25','90','35','615','24','6','미르파크 ((α/β Per)','1.79','페르세우스자리 유성우  9월 페르세우스자리 유성우','기린자리  카시오페이아자리  안드로메다자리  삼각형자리  양자리  황소자리  마차부자리'),('봉황자리','Phoenix','Phe','Phoenicis','불사조 또는 봉황','RA|0|44','DEC|-48|46','11|20','32','90','469','37','','??? ((α/β Phe)','','???? ???','조각가자리 두루미자리 큰부리새자리 물뱀자리 에리다누스자리 화로자리'),('화가자리','Pictor','Pic','Pictoris','화가','RA|5|23','DEC|-51|22','1|20','26','90','247','59','','??? ((α/β Pic)','','????  ???','비둘기자리  조각칼자리  황새치자리  날치자리  용골자리  고물자리'),('남쪽물고기자리','Piscis Austrinus','PsA','Piscis Austrini','남쪽물고기','RA|22|25','DEC|-31|34','10|10','55','90','245','60','1','포말하우트 ((α/β PsA)','1.2','???','물병자리  염소자리  현미경자리  두루미자리  조각가자리'),('고물자리','Puppis','Pup','Puppis','고물','RA|7|52','DEC|-32|37','2|25','40','90','673','20','4','나오스 ((ζ Pup)','2.25','없음','외뿔소자리  큰개자리  비둘기자리  화가자리  용골자리  돛자리  나침반자리  바다뱀자리'),('그물자리','Reticulum','Ret','Reticulii','그물','RA|3|54','DEC|-60|31','12|30','23','90','114','82','0','α Ret','3.3','???','시계자리  물뱀자리  황새치자리'),('화살자리','Sagitta','Sge','Sagittae','화살','RA|19|40','DEC|17|0','8|30','90','70','80','86','','??? ((α/β Sge)','','????  ???','작은여우자리  허큘리스자리  독수리자리  돌고래자리'),('궁수자리','Sagittarius','Sgr','Sagittarii','궁수','RA|19|23','DEC|-29|53','8|20','55','90','867','15','7','카우스 오스트랄리스 (ε Sgr)','1.79','????','독수리자리  방패자리  뱀자리  뱀주인자리  전갈자리  남쪽왕관자리  망원경자리  인디언자리  현미경자리  염소자리'),('전갈자리','Scorpius','Sco','Scorpii','전갈','RA|16|52','DEC|-35|20','7|20','40','90','497','33','1','안타레스 (α Sco)','0.9','전갈자리 알파별 유성군  전갈자리 오메가별 유성군','뱀주인자리  천칭자리  이리자리  직각자자리  제단자리  남쪽왕관자리  궁수자리'),('조각가자리','Sculptor','Scl','Sculptoris','조각가','RA|1|0','DEC|-38|31','11|10','50','90','475','36','0','조각가자리 알파 ((α/β Scl)','4.3','????  ???','고래자리  물병자리  남쪽물고기자리  두루미자리  봉황자리  화로자리'),('방패자리','Scutum','Sct','Scuti','방패','RA|18|39','DEC|-10|53','8|15','80','90','109','84','','??? ((α/β Sct)','','???? ???','뱀자리 궁수자리 독수리자리'),('뱀자리','Serpens','Ser','Serpentis','뱀','RA|15|44','DEC|10|51','6|30','80','80','637','23','2','Unukalhai (α Ser)','2.6','없음','뱀머리:   북쪽왕관자리  목동자리  처녀자리  천칭자리  뱀주인자리  허큘리스자리  뱀꼬리:   뱀주인자리  궁수자리  방패자리  독수리자리'),('육분의자리','Sextans','Sex','Sextantis','육분의','RA|10|6','DEC|-1|8','4|5','80','80','314','47','','??? ((α/β Sex)','','????  ???','사자자리  바다뱀자리  컵자리'),('황소자리','Taurus','Tau','Tauri','황소','RA|4|6','DEC|17|20','1|15','90','65','797','17','3','알데바란 ((α/β Tau)','0.98','????  ???','마차부자리  페르세우스자리  양자리  고래자리  에리다누스자리  오리온자리  쌍둥이자리'),('망원경자리','Telescopium','Tel','Telescopii','망원경','RA|19|15','DEC|-51|28','8|25','40','90','252','57','0','망원경자리 알파 ((α/β Tel)','3.49','????','남쪽왕관자리  제단자리  공작자리  인디언자리  현미경자리  궁수자리'),('삼각형자리','Triangulum','Tri','Trianguli','삼각형','RA|2|3','DEC|32|20','12|5','90','60','132','78','','　 ((α/β Tri)','','','안드로메다자리  물고기자리  양자리  페르세우스자리'),('남쪽삼각형자리','Triangulum Australe','TrA','Trianguli Australis','남쪽삼각형','RA|16|7','DEC|-65|6','7|5','25','90','110','83','3','(α TrA) 아트리아','1.91','없음','직각자자리  컴퍼스자리  극락조자리  제단자리'),('큰부리새자리','Tucana','Tuc','Toucanae','큰부리새','RA|23|50','DEC|-64|56','11|5','25','90','295','48','','??? ((α/β Tuc)','','????  ???','불사조자리  두루미자리  인디언자리  팔분의자리  물뱀자리'),('큰곰자리','Ursa Major','UMa','Ursae Majoris','큰곰','RA|10|16','DEC|57|29','4|20','90','30','1280','3','7','큰곰자리 엡실론 ((α/β UMa)','1.7124','????  ???','용자리  기린자리  살쾡이자리  작은사자자리  사자자리  사냥개자리  목동자리'),('작은곰자리','Ursa Minor','UMi','Ursae Minoris','작은 곰','RA|14|58','DEC|75|2','6|25','90','10','256','56','2','폴라리스 (α UMi)','1.97','작은곰자리 유성우  ???','세페우스자리  기린자리  용자리'),('날치자리','Volans','Vol','Volantis','날치','RA|7|40','DEC|-69|37','3|1','15','90','141','76','0','β Vol','3.70','????','용골자리  화가자리  황새치자리  테이블산자리  카멜레온자리'),('작은여우자리','Vulpecula','Vul','Vulpeculae','작은여우','RA|20|22','DEC|25|2','9|10','90','55','268','55','0','Anser (α Vul)','4.4','없음','고니자리  거문고자리  허큘리스자리  화살자리  돌고래자리  페가수스자리'),('처녀자리','Virgo','Vir','Virginis','처녀','RA|13|21','DEC|-3|31','5|25','80','80','1294','2','','스피카 (α/β Vir)','1','????  ???','머리털자리  사자자리  컵자리  까마귀자리  바다뱀자리  천칭자리  뱀자리  목동자리'),('사분의자리','Quadrans Muralis','QaM','Quadrantids Muralis','사분의','RA|14|0','DEC|54|0','','','','','','','용자리 CL(~1885: 사분의자리) ((α/β QaM)','4.95','사분의자리 유성우','큰곰자리  헤르쿨레스자리  용자리  목동자리'),('작은삼각형자리','Triangulum Minus','TrM','Trianguli Minus','작은삼각형','RA|2|0','DEC|30|0','','','','','','','(작은)삼각형자리 6 (α/β Tri)','4.94','　','삼각형자리  물고기자리  페르세우스자리'),('뱀주인자리','Ophiuchus','Oph','Ophiuchi','뱀주인','RA|17|2','DEC|-2|21','7|25','80','80','948','11','5','??? ((α/β Oph)','','????  ???','허큘리스자리  뱀자리  천칭자리  전갈자리  궁수자리  독수리자리'),('물병자리','Aquarius','Aqr','Aquarii','물병','RA|22|42','DEC|-10|28','10|10','65','90','980','10','2','포말하우트(β Aqr)','1.2','*물병자리 η 유성군   물병자리 δ 유성군  물병자리 ι 유성군','페가수스자리  조랑말자리  돌고래자리  독수리자리  염소자리  남쪽물고기자리  조각가자리  고래자리  물고기자리'),('물고기자리','Pisces','Psc','Piscium','물고기','RA|0|53','DEC|15|29','11|10','65','90','889','14','0','η Psc','3.62','???','안드로메다자리  페가수스자리  물병자리  고래자리  양자리  삼각형자리'),('돛자리','Vela','Vel','Velorum','돛','RA|9|20','DEC|-48|29','3|25','30','90','500','32','6','γ Vel','1.75','돛자리 감마별 유성군  돛자리 델타별 유성군','공기펌프자리  나침반자리  고물자리  용골자리  센타우루스자리');
/*!40000 ALTER TABLE `constellation` ENABLE KEYS */;
UNLOCK TABLES;

--
-- Table structure for table `stars`
--

DROP TABLE IF EXISTS `stars`;
/*!40101 SET @saved_cs_client     = @@character_set_client */;
/*!40101 SET character_set_client = utf8 */;
CREATE TABLE `stars` (
  `name` char(64) DEFAULT NULL,
  `type` char(64) DEFAULT NULL,
  `constellation` char(64) DEFAULT NULL,
  `rightascension` char(64) DEFAULT NULL,
  `declination` char(64) DEFAULT NULL,
  `visualmagnitude` char(64) DEFAULT NULL,
  `absolutemagnitude` char(64) DEFAULT NULL,
  `form` char(64) DEFAULT NULL,
  `annualparallex` char(64) DEFAULT NULL,
  `distance` char(64) DEFAULT NULL,
  `mass` char(64) DEFAULT NULL,
  `scale` char(64) DEFAULT NULL,
  `brightness` char(64) DEFAULT NULL,
  `temperature` char(64) DEFAULT NULL,
  `numofplanet` char(64) DEFAULT NULL,
  `numofaccompaniedstars` char(64) DEFAULT NULL,
  `star` char(64) DEFAULT NULL,
  `placeofdiscovery` char(64) DEFAULT NULL,
  `orbitalperiod` char(64) DEFAULT NULL,
  `wayofdiscovery` char(64) DEFAULT NULL,
  `dateofdiscovery` char(64) DEFAULT NULL,
  `eccentricity` char(64) DEFAULT NULL,
  `orbitinclination` char(64) DEFAULT NULL,
  `metalicity` char(64) DEFAULT NULL,
  `angulardistance` char(64) DEFAULT NULL,
  `perihelion` char(64) DEFAULT NULL,
  `aphelion` char(64) DEFAULT NULL
) ENGINE=InnoDB DEFAULT CHARSET=euckr;
/*!40101 SET character_set_client = @saved_cs_client */;

--
-- Dumping data for table `stars`
--

LOCK TABLES `stars` WRITE;
/*!40000 ALTER TABLE `stars` DISABLE KEYS */;
INSERT INTO `stars` VALUES ('2M1207b','planet','센타우루스자리','RA|12|07|33.47','DEC|-39|32|54.0','','','M8','','172 ± 3 광년(52.75 ± 1.0 파섹)','4+6-1 목성질량','1.5 목성반경','','1600 ± 100 켈빈','','','2M1207','','사진 촬영','2004년 12월','~1,700 년','','','','','',''),('c?CoRoT-Exo-1?b','planet','외뿔소자리','RA|06|48|19','DEC|-03|06|08','13.6','','','','460 파섹','1.03 MJ','1.49 RJ','','','','','?CoRoT-Exo-1','','','2007 년','1.5089557 일','0','85.1 도','0.000055  초각','-0.3 [Fe/H]','',''),('?CoRoT-Exo-2b','planet','뱀자리','RA|19|27|07','DEC|01|23|02','12.57','','','','300 파섹','3.31 MJ','1.465 RJ','','','','','CoRoT-Exo-2b','','','2007 년','1.7429964 일','0','87.84 도','0.000094  초각','0 [Fe/H]','',''),('?CoRoT-Exo-4b','planet','','RA|06|48|47','DEC|-00|40|22','13.7','','','','','0.72 MJ','1.19 RJ','','','','','?CoRoT-Exo-4','','','2008 년','9.20205 일','0','90 도','- 초각','0 [Fe/H]','',''),('?CoRoT-Exo-5b','planet','','','','14','','','','','0.86 MJ','1.2 RJ','','','','','?CoRoT-Exo-5','','','2008 년','4 일','','','','-0.1 [Fe/H]','',''),('BD-10°3166 b','planet','컵자리','RA|10|58|28.7798','DEC|-10|46|13.386','10.08','','G4 V','','218 ± 32.6 광년(66.8 ± 10.0 파섹)','0.458±0.039 MJ','~1.078 RJ','','~1469 K','','','BD-10°3166','','시선 속도법','2000-04-22','3.48777±0.00011 일(0.00954883 년)','0.019±0.023','','','','0.0443 천문단위','0.0461 천문단위'),('BD-17°63 b','planet','고래자리','RA|00|28|34.3061','DEC|-16|13|34.839','9.62','','K5 V','','112.9 ± 4.9 광년(34.6 ± 1.5 파섹)','5.1 ± 0.12 목성질량(1620 ± 38 지구질량)','','','','','','BD-17°63','','도플러 분광법 (HARPS)','2008-10-26','655.6 ± 0.6 일(1.795 ± 0.001 년)','0.54 ± 0.005','','','','0.62 천문단위','2.06 천문단위'),('COROT-6b','planet','외뿔소자리','','','13.9','','F5 V','','','','1.16  목성반경','','1000-1300 켈빈','','','COROT-6','','트랜싯법(COROT)','2009년 2월 2일','8.89 일','','','','','',''),('COROT-7b','planet','외뿔소자리','RA|06|43|49.0','DEC|-01|03|46.0','11.7','','G9 V','','489 광년(150 파섹)','0.035(+0, -0.017) 목성질량','0.157(+0.022, -0)  목성반경','','1273-1773 켈빈','','','COROT-7','','트랜싯법','2009년 2월 3일','0.85 일','0','70 (± 10)','','','',''),('BD+20°2457 b','planet','사자자리','RA|10|16|44.8635','DEC|19|53|28.974','9.75','','K2 II','','650 ± 330 광년(200 ± 100 파섹)','21.42 목성질량','','','','','','BD+20°2457','','시선 속도법','2009-06-10','379.63 ± 2.01 일(1.0394 ± 0.0055 년)','0.15 ± 0.03','','','','1.23','1.67'),('BD+20°2457 c','planet','사자자리','RA|10|16|44.8635','DEC|19|53|28.974','9.75','','K2 II','','650 ± 330 광년(200 ± 100 파섹)','12.47 목성질량','','','','','','BD+20°2457','','시선 속도법','2009-06-10','621.99 ± 10.2 일(1.7029 ± 0.0279 년)','0.18 ± 0.06','','','','1.65','2.37'),('BD+14°4559 b','planet','페가수스자리','RA|21|13|35.9917','DEC|14|41|21.794','9.63','','K2 V','','163 ± 13 광년(50 ± 4 파섹)','1.47 목성질량','','','','','','BD+14°4559','','시선 속도법','2009-06-10','268.94 ± 0.99 일(0.7363 ± 0.0027 년)','0.29 ± 0.03','','','','0.552','1.002'),('COROT-7c','planet','외뿔소자리','RA|06|43|49.0','DEC|-01|03|46.0','11.668','','G9 V','','489 ± 65 광년(150 ± 20 파섹)','8.4 ± 0.9 지구질량','','','','','','COROT-7','','시선속도법 (HARPS)','2009-08-24','','','','','','',''),('BD-08°2823 b','planet','육분의자리','RA|10|00|47.7213','DEC|-09|31|00.046','9.86','','K3 V','','137.3 ± 9.8 광년(43.9 ± 3 파섹)','0.045 목성질량(14 지구질량)','','','','','','BD-08°2823','','시선속도법 (HARPS)','2009-10-19','5.60 일(134 시간, 0.0153 년)','0.15','','','','0.047','0.064'),('BD-08°2823 c','planet','육분의자리','RA|10|00|47.7213','DEC|-09|31|00.046','9.86','','K3 V','','137.3 ± 9.8 광년(43.9 ± 3 파섹)','0.33 목성질량','','','','','','BD-08°2823','','시선속도법(HARPS)','2009-10-19','237.6 일(0.6505 년)','0.19','','','','0.55','0.80'),('HD 209458 b','planet','페가수스자리','RA|22|03|10.8','DEC|18|53|04','7.65','','F8-G0 V','','154 광년(47.1 파섹)','0.69 ± 0.05 목성질량(219.282 지구질량)','1.35 ± 0.05 목성반경 (15.112888 지구반경)','','1,130 ± 150 켈빈','','','HD 209458','','','','3.52474541 ± 0.00000025 일 (0.00965 년)','0.014','86.1 ± 0.1°','','','~0.04437 AU','~0.04563 AU'),('?HD 28185?b','planet','에리다누스자리','RA|04|26|26','DEC|-10|33|02','7.81','','','','39.4 파섹','5.7 MJ','- RJ','','','','','HD 28185','','','2001 년','383 일','0.07','- 도','0.026000  초각','0.24 [Fe/H]','',''),('?HAT-P-7?b','planet','고니자리','RA|19|28|59','DEC|47|58|10','10.5','','','','320 파섹','1.776 MJ','1.363 RJ','','','','','HAT-P-7','','','2008 년','2.2047299 일','0','85.7 도','0.000118  초각','0.26 [Fe/H]','',''),('?HD 17156?b','planet','카시오페이아자리','RA|02|49|44','DEC|71|45|12','8.17','','G0 IV (황색 준거성)','','78.24 파섹','3.212 MJ','1.023 RJ','','','','','HD 17156','','','2007 년','21.21688 일','0.6753','86.2 도','0.002074  초각','0.24 [Fe/H]','',''),('?HAT-P-9?b','planet','마차부자리','RA|07|20|40','DEC|37|08|26','','','','','480 파섹','0.78 MJ','1.4 RJ','','','','','HAT-P-9','','','2008 년','3.92289 일','0','86.5 도','0.000110  초각','0.12 [Fe/H]','',''),('?HAT-P-3?b','planet','큰곰자리','RA|13|44|23','DEC|48|01|43','11.86','','','','140 파섹','0.599 MJ','0.89 RJ','','','','','HAT-P-3','','','2007 년','2.899703 일','0','87.24 도','0.000278  초각','0.27 [Fe/H]','',''),('?HAT-P-2?b','planet','허큘리스자리','RA|16|20|36','DEC|41|02|53','8.71','','','','135 파섹','8.62 MJ','0.951 RJ','','','','','HAT-P-2','','','2007 년','5.63341 일','0.5163','90 도','0.000501  초각','0.11 [Fe/H]','',''),('?HD 149026?b','planet','허큘리스자리','RA|16|30|29','DEC|38|20|50','8.15','','','','78.9 파섹','0.359 MJ','0.654 RJ','','','','','HD 149026','','','2005 년','2.8758887 일','0','85.3 도','0.000547  초각','0.36 [Fe/H]','',''),('?HAT-P-4?b','planet','목동자리','RA|15|19|58','DEC|36|13|47','11.2','','','','310 파섹','0.68 MJ','1.27 RJ','','','','','HAT-P-4','','','2007 년','3.056536 일','0','89.9 도','0.000144  초각','0.24 [Fe/H]','',''),('HAT-P-5b','planet','거문고자리','RA|18|17|37.299','DEC|36|37|16.88','','','G','','1100 ± 100 광년(340 ± 30 파섹)','1.06 ± 0.11 목성질량','1.26 ± 0.05  목성반경','','','','','HAT-P-5','','트랜싯법','2007년 10월 9일','2.788491 ± 2.5e-5 일(0.007634339 년)','0','86.75 ± 0.44 도','0.12 밀리초각','','0.04075','0.04075'),('?HD 189733?b','planet','작은여우자리','RA|20|00|43','DEC|22|42|39','7.67','','','','19.3 파섹','1.13 MJ','1.138 RJ','','','','','HD 189733','','','2005 년','2.2185733 일','0','85.76 도','0.001606  초각','-0.03 [Fe/H]','',''),('?HAT-P-1?b','planet','','','','','','','','','0.524 MJ','1.225 RJ','','','','','','','','','4.4652934 일','','','','','',''),('HAT-P-6b','planet','안드로메다자리','RA|23|39|05.8061','DEC|42|27|57.513','','','F','','약 650 광년(약 200 파섹)','1.057 ± 0.119 목성질량','1.33 ± 0.061  목성반경','','','','','HAT-P-6','','트랜싯법','2007년 10월 15일','3.852985 ± 5e-6 일(0.01054871 년)','0','','0.26 밀리초각','','0.05235','0.05235'),('HD 142 b','planet','봉황자리','RA|00|06|19.1755','DEC|-49|04|30.688','','','G1 IV','','67.18 광년(20.6 파섹)','1.31±0.18 목성질량(416 지구질량)','~0.994 목성반경(10.8 지구반경)','','~248 켈빈','','','HD 142','','도플러 분광법','2001년 10월 15일','350.3±3.6 일(0.9591 년)','0.26±0.18','','','','0.777','1.313'),('HD 2039 b','planet','','','','','','','','','4.85 ± 1.7 목성질량','','','','','','','','도플러 분광법','2002년','1192.582 ± 150 일','0.68 ± 0.15','','','','',''),('?HD 2638?b','planet','고래자리','RA|00|29|59','DEC|-05|45|50','9.44','','','','53.71 파섹','0.48 MJ','- RJ','','','','','HD 2638','','','2005 년','3.4442 일','0','- 도','0.000819  초각','0.16 [Fe/H]','',''),('HD 4113 b','planet','조각가자리','RA|00|43|12.5967','DEC|-37|58|57.472','','','G5 V','','144 광년(44 파섹)','>1.56±0.04 목성질량','~1.053  목성반경','','~226 켈빈','','','HD 4113','','시선 속도법','2007년 10월 26일','526.62±0.3 일(1.4418 년)','0.903±0.005','','29 밀리초각','','0.124','2.44'),('HD 4208 b','planet','조각가자리','RA|00|44|26.65','DEC|-26|30|56.45','7.79','','G5 V','','106.6 광년(32.70 파섹)','0.804±0.073 목성질량(256 지구질량)','','','','','','HD 4208','','도플러 분광법','2001년 10월 15일','828.0±8.1 일(2.267 년)','0.052±0.040','','','','1.564','1.736'),('HD 4308 b','planet','큰부리새자리','RA|00|44|39.2677','DEC|-65|38|58.280','','','G5 V','','71.39 광년(21.9 파섹)','0.0442 목성질량(14 지구질량)','','','','','','HD 4308','','도플러 분광법','2005년 8월 22일','15.56±0.02 일(0.04260 년)','0.00±0.01','','5.205 밀리초각','','0.115','0.115'),('HD 5319 b','planet','고래자리','RA|00|55|01.4005','DEC|00|47|22.392','8.05','','K0 III','','326 광년(100 파섹)','1.94 목성질량(617 지구질량)','','','','','','HD 5319','','도플러 분광법','2007년 1월 11일','669.37 일(1.8326 년)','0.12','','17.4 밀리초각','','1.53','1.95'),('HD 6434 b','planet','봉황자리','RA|01|04|40.1511','DEC|-39|29|17.583','','','G2 / G3 V','','131.5 광년(40.34 파섹)','0.39 목성질량(120 지구질량)','','','','','','HD 6434','','도플러 분광법','2000-08-07','21.998±0.009 일(0.060226 년)','0.17±0.03','','','','0.12','0.16'),('HD 8574 b','planet','물고기자리','RA|01|25|12.5168','DEC|28|34|00.096','','','F8','','144 광년(44.15 파섹)','>1.96±0.18 목성질량(>622 지구질량)','','','','','','HD 8574','','도플러 분광법','2001년 4월 4일','225±1.1 일(0.616 년)','0.37±0.082','','','','0.48','1.04'),('?HD 10647?b','planet','에리다누스자리','RA|01|42|29','DEC|-53|44|27','5.52','','','','17.3 파섹','0.91 MJ','- RJ','','','','','HD 10647','','','2003 년','1040 일','0.18','- 도','0.121387  초각','-0.03 [Fe/H]','',''),('?HD 11506?b','planet','고래자리','RA|01|52|51','DEC|-19|30|25','7.51','','','','53.82 파섹','4.85 MJ','- RJ','','','','','HD 11506','','','2007 년','1280 일','0.22','- 도','0.043664  초각','0.31 [Fe/H]','',''),('?HD 11964?b','planet','고래자리','RA|01|57|09','DEC|-10|14|32','6.42','','','','33.98 파섹','0.11 MJ','- RJ','','','','','HD 11964','','','2005 년','37.82 일','0.15','- 도','0.006739  초각','0.17 [Fe/H]','',''),('?HD 11964?c','planet','고래자리','','','','','','','','0.7 MJ','- RJ','','','','','HD 11964','','','2005 년','1940 일','0.3','- 도','0.093202  초각','- [Fe/H]','',''),('HAT-P-11 b','planet','고니자리','RA|19|50|50.2469','DEC|48|04|51.085','9.59','','K4','','123 ± 4.2 광년(38 ± 1.3 파섹)','0.081 ± 0.009 목성질량(26 ± 3 지구질량)','0.422 ± 0.014 목성반경','','878 ± 15 K','','','HAT-P-11','','통과법(SuperWASP)','2009-02-02','4.8878162 ± 0.0000071 일','0.198 ± 0.046','88.5 ± 0.6','','','0.043','0.063'),('HD 104985 b','planet','기린자리','RA|12|05|15.1178','DEC|76|54|20.641','','','G9 III','','333 광년(102 파섹)','6.33 목성질량(2,010 지구질량)','1.03 목성반경','','782 켈빈','','','HD 104985','','도플러 분광법','2003-06-26','198.2±0.3 일(0.5426±0.0008 년)','0.03±0.02','','','','0.76 천문단위','0.80 천문단위'),('HD 173416 b','planet','거문고자리','RA|18|43|36.1097','DEC|36|33|23.777','6.057','','astro-ph','','440 ± 31.3 광년(135 ± 9.6 파섹)','2.7 ± 0.3 목성질량(860 ± 100 지구질량)','','','','','','HD 173416','','시선 속도법','2009-01-10','323.6 ± 2.2 일(0.8860 ± 0.0060 년)','0.21 ± 0.04','','','','0.92','1.40'),('HD 168443 b','planet','뱀자리','RA|18|20|03.9316','DEC|-09|35|44.601','6.92','','G5 IV','','123.5 광년(37.88 파섹)','7.2 ± 0.4 목성질량(2,300 지구질량)','','','','','','HD 168443','','도플러 분광법','','58.116 ± 0.001 일(0.15911 년)','0.529 ± 0.02','','','','0.14','0.44'),('HD 187123 b','planet','고니자리','RA|19|46|58.1130','DEC|34|25|10.288','','','G5 V','','156.28 광년(47.92 파섹)','0.52 목성질량','~1.245 목성반경','','~1322 켈빈','','','HD 187123','','시선속도법','','3.097 일(0.008479 년)','0.035 ± 0.015','','','','0.0411','0.0441'),('HD 187123 c','planet','고니자리','RA|19|46|58.1130','DEC|34|25|10.288','','','G5 V','','156.28 광년(42.92 파섹)','1.95 목성질량','~0.978 목성반경','','~92 켈빈','','','HD 187123','','도플러 분광법','','3700 ± 530 일(10 년)','0.249 ± 0.030','','','','3.60','6.00'),('HD 195019 b','planet','돌고래자리','RA|20|28|18.6363','DEC|18|46|10.188','6.91','','G3 IV~V','','65 광년(20 파섹)','3.7 목성질량(1,200 지구질량)','','','','','','HD 195019','','도플러 분광법','','18.20163 ± 0.0004 일(0.4983248 년)','0.014 ± 0.0044','','','','0.1369','0.1407'),('HD 217107 b','planet','물고기자리','RA|22|58|15.54','DEC|-2|23|43.39','','','G8 IV','','64.3 ± 1 광년(19.7 ± 0.3 파섹)','1.37 ± 0.14 목성질량','','','~1013 켈빈','','','HD 217107','','시선속도법','','7.1269 ± 0.00022','0.13 ± 0.02','','','','',''),('HD 217107 c','planet','물고기자리','RA|22|58|15.54','DEC|-2|23|43.39','','','G8 IV','','64.3 ± 1 광년(19.7 ± 0.3 파섹)','2.5 ± 0.48 목성질량','~1.029 목성반경','','~132 켈빈','','','HD 217107','','시선속도법','','3352 ± 157 일(9.18 ± 0.43 년)','0.537 ± 0.026','','','','',''),('HD 177830 b','planet','거문고자리','RA|19|05|20.7735','DEC|25|55|14.379','','','K0','','192.54 광년(59.06 파섹)','1.53±0.13 목성질량','~1.165 목성반경','','~342 켈빈','','','HD 177830','','시선속도법','','410.1±2.2 일(1.123 년)','0.096±0.048','','','','1.110','1.344'),('HD 192263 b','planet','독수리자리','RA|20|13|59.8451','DEC|-00|52|00.757','','','K2 V','','64.88 광년(19.89 파섹)','> 0.75 목성질량(> 240 지구질량)','','','479 켈빈','','','HD 192263','','시선속도법','1999-12-28','24.348 ± 0.005 일(0.066661 년)','0','','','','0.15','0.15'),('HAT-P-12 b','planet','사냥개자리','RA|13|57|434','DEC|43|29|37','12.84','','K4','','464.77 ± 190 광년(142.5 ± 13.7 파섹)','0.211 ± 0.012 목성질량','0.959 ± 0.029  목성반경','','','','','HAT-P-12','','트랜싯법','2009년 4월 29일','3.2130598 ± 0.000006 일','~0','','','','',''),('HD 11506 c','planet','고래자리','RA|01|52|50.534','DEC|-19|30|25.107','7.51','','G0 V','','175.54 광년(53.82 파섹)','0.82(+0.31, -0.5) 목성질량','','','','','','HD 11506','','베이즈 추론','2009년 2월 18일','170.46(+4, -6) 년','0.42(+0.2, -0.42)','','11.9 밀리초각','','0.371','0.907'),('HD 139357 b','planet','용자리','RA|15|35|16.1992','DEC|53|55|19.717','5.977','','K4 III','','396.0 ± 26.7 광년(121.4 ± 8.2 파섹)','9.76 ± 2.15 목성질량','','','','','','HD 139357','','시선속도법','2009년 3월 20일','1125.7 ± 9 일(3.0819 ± 0.0246 년)','0.1 ± 0.02','','19.4 밀리초각','','2.12','2.60'),('HD 16417 b','planet','화로자리','RA|02|36|59','DEC|-34|34|41','5.78','','G1 V','','83.2 ± 1.6 광년(25.5 ± 0.5 파섹)','0.069 ± 0.007 목성질량','','','','','','화로자리 람다2','','시선속도법','2009년 2월 23일','17.24 ± 0.01 일(0.04720 ± 0.00003 년)','0.20 ± 0.09','','5.5 밀리초각','','0.11','0.17'),('HD 7924 b','planet','카시오페이아자리','RA|01|21|59.1153','DEC|76|42|37.024','7.185','','astro-ph','','54.8 ± 0.3 광년(16.8 ± 0.1 파섹)','0.029 목성질량(9.2 지구질량)','','','','','','HD 7924','','시선속도법','2009년 1월 28일','5.3978 ± 0.0015 일(0.014778 ± 0.0000041 년)','0.17 ± 0.16','','3.39 밀리초각','','0.047','0.067'),('HD 96167 b','planet','컵자리','RA|11|05|15.0681','DEC|-10|17|28.681','8.09','','G5 D','','274 ± 29 광년(84 ± 9 파섹)','0.68 ± 0.18 목성질량','','','','','','HD 96167','','시선속도법','2009년 4월 17일','498.9 ± 1 일(1.366 ± 0.003 년)','0.71 ± 0.04','','15 밀리초각','','0.38','2.22'),('HR 8799 d','planet','페가수스자리','RA|23|07|28.7150','DEC|21|08|03.302','5.964','','','','129 ± 4 광년(39 ± 1 파섹)','10 ± 3 목성질량','1.2  목성반경','','1090 켈빈','','','HR 8799','','직접 촬영','2008년 11월 13일','~100 년','>0.04','','24','','',''),('HD 47186 b','planet','큰개자리','RA|06|36|08.7880','DEC|-27|37|20.268','7.8','','G6 V','','123.4 광년(37.8 파섹)','0.07167 목성질량(22.78 지구질량)','','','','','','HD 47186','','도플러 분광법','2008년 6월 16일','4.0845 ± 0.0002 일','0.038 ± 0.02','','1.3 밀리초각','','0.048','0.052'),('HD 47186 c','planet','큰개자리','RA|06|36|08.7880','DEC|-27|37|20.268','7.8','','astro-ph','','123.4 광년(37.8 파섹)','0.35061 목성질량(111.44 지구질량)','','','','','','HD 47186','','도플러 분광법','2008년 6월 16일','1353.6 ± 57.1 일(3.7059 ± 0.156 년)','0.249 ± 0.073','','63.4 밀리초각','','1.799','2.991'),('HD 48265 b','planet','고물자리','RA|06|40|01.7270','DEC|-48|32|31.039','8.07','','G5 V','','285 광년(87.4 파섹)','1.2 목성질량(380 지구질량)','','','','','','HD 48265','','도플러 분광법(CORALIE)','2008년 10월 29일','762 ± 50 년(2.09 ± 0.14 파섹)','0.24 ± 0.1','','18 밀리초각','','1.2','2.0'),('HD 60532 b','planet','고물자리','RA|07|34|03.1805','DEC|-22|17|45.841','4.458','','F6 V','','83.8 광년(25.7 파섹)','3.15 목성질량','','','','','','HD+60532','','도플러 분광법','2008년 9월 22일','201.83 ± 0.14 일(0.55257 년)','0.278 ± 0.006','~20','30 밀리초각','','0.56','0.98'),('HD 60532 c','planet','고물자리','RA|07|34|03.1805','DEC|-22|17|45.841','4.458','','F6 V','','83.8 광년(25.7 파섹)','7.46 목성질량','','','','','','HD 60532','','도플러 분광법','2008년 9월 22일','607.06 ± 2.1 일(1.6620 년)','0.038 ± 0.008','~20','61.5 밀리초각','','1.52','1.64'),('HD 73267 b','planet','나침반자리','RA|08|36|17.7757','DEC|-34|27|35.924','8.90','','G5 V','','179.1 ± 10 광년(54.91 ± 3 파섹)','3.06 ± 0.07 목성질량(973 ± 22 지구질량)','','','','','','HD 73267','','도플러 분광법(HARPS)','2008년 10월 26일','1260 ± 7 일(3.450 ± 0.019 년)','0.256 ± 0.009','','40.03 밀리초각','','1.635','2.761'),('HR 8799 b','planet','페가수스자리','RA|23|07|28.7150','DEC|21|08|03.302','5.964','','','','129 ± 4 광년(39 ± 1 파섹)','7(+4, -2) 목성질량','1.2 ± 0.1  목성반경','','870(+30, -70) 켈빈','','','HR 8799','','직접 촬영','2008년 11월 13일','~ 460 년','','','68 밀리초각','','',''),('HR 8799 c','planet','페가수스자리','RA|23|07|28.7150','DEC|21|08|03.302','5.964','','','','129 ± 4 광년(39 ± 1 파섹)','10 ± 3 목성질량','1.2  목성반경','','1090 켈빈','','','HR 8799','','직접 촬영','2008년 11월 13일','~ 190 년','','','38 밀리초각','','',''),('HD 40307 b','planet','화가자리','RA|05|54|04.2409','DEC|-60|01|24.498','7.17','','K2.5 V','','41.8 ± 0.3 광년(12.83 ± 0.09 파섹)','4.2 지구질량','','','','','','HD 40307','','시선속도법, HARPS 사용','2008년 6월 16일','4.3115 ± 0.0006 일','0.0','','','','',''),('HD 40307 c','planet','화가자리','RA|05|54|04.2409','DEC|-60|01|24.498','7.17','','K2.5 V','','41.8 ± 0.3 광년(12.83 ± 0.09 파섹)','6.8 지구질량','','','','','','HD 40307','','시선속도법, HARPS 사용','2008년 6월 16일','9.620 ± 0.002 일','0.0','','','','',''),('HD 40307 d','planet','화가자리','RA|05|54|04.2409','DEC|-60|01|24.498','7.17','','K2.5 V','','41.8 ± 0.3 광년(12.83 ± 0.09)','9.2 지구질량','','','','','','HD 40307','','시선속도법, HARPS 사용','2008년 6월 16일','20.46 ± 0.01 일','0.0','','','','',''),('HD 45364 b','planet','큰개자리','RA|06|25|38','DEC|-31|28|51','8.07','','G9 V','','106.3 광년(32.6 파섹)','0.1872 목성질량','','','','','','HD 45364','','도플러 분광법: HARPS 사용','2008년 8월 8일','226.93 ± 0.37 일(0.62129 ± 0.00101 년)','0.1684 ± 0.019','','20.9 밀리초각','','0.5666','0.7960'),('HD 45364 c','planet','큰개자리','RA|06|25|38','DEC|-31|28|51','8.07','','G9 V','','106.3 광년(32.6 파섹)','0.6579 목성질량','','','','','','HD 45364','','도플러 분광법 HARPS 사용','2008년 8월 8일','342.85 ± 0.28 일(0.93866 ± 0.00077 년)','0.0974 ± 0.012','','27.5 밀리초각','','0.8098','0.9846'),('HD 45652 b','planet','외뿔소자리','RA|06|29|13.1917','DEC|10|56|02.009','','','G8-K0','','118 ± 5 광년(36 ± 2 파섹)','>0.47 목성질량','','','','','','HD 45652','','시선속도법','2008년 5월(공식 발표)','43.6 ± 0.2 일','0.38 ± 0.06','','6.4','','',''),('HAT-P-8b','planet','페가수스자리','RA|22|52|09.862','DEC|35|26|49.59','10.17','','astro-ph','','750 ± 50 광년(230 ± 15 파섹)','1.52(+0.18, -0.16) 목성질량','1.5(+0.08, -0.06)  목성반경','','','','','GSC 02757-01152','','트랜싯법','2008년 12월 5일','3.07632 ± 0.000004 일','~0','87.5','0.21 밀리초각','','',''),('HD 102272 b','planet','사자자리','RA|11|46|23.5351','DEC|14|07|26.350','8.71','','K0','','1200±300 광년(360±90 파섹)','>5.9 ± 0.2 목성질량','','','','','','HD 102272','','도플러 분광법','2008년 6월 18일','127.58 ± 0.30 일','0.05 ± 0.04','','','','',''),('HD 102272 c','planet','사자자리','RA|11|46|23.5351','DEC|14|07|26.350','8.71','','K0','','1200±300 광년(360±90 파섹)','>2.6 ± 0.4 목성질량','','','','','','HD 102272','','도플러 분광법','2008년 6월 18일','520 ± 26 일','0.68 ± 0.06','','','','',''),('HD 143361 b','planet','직각자자리','RA|16|01|50.3484','DEC|-44|26|04.335','9.20','','G6 V','','193.6 광년(59.35 파섹)','3.0 목성질량(950 지구질량)','','','','','','HD 143361','','도플러 분광법(CORALIE 분광사진기)','2008년 10월 29일','1086 ± 90 일(2.973 ± 0.246 년)','0.18 ± 0.1','','34 밀리초각','','1.6','2.4'),('HD 145377 b','planet','전갈자리','RA|16|11|36.4455','DEC|-27|04|41.421','8.12','','G3 V','','188 ± 10 광년(57.7 ± 3 파섹)','5.76 ± 0.01 목성질량(1830 ± 3 지구질량)','','','','','','HD 145377','','도플러 분광법(HARPS)','2008년 10월 26일','103.95 ± 0.13 일(0.28459 ± 0.00036 년)','0.307 ± 0.017','','78 밀리초각','','0.31','0.59'),('HD 153950 b','planet','전갈자리','RA|17|04|30.8715','DEC|-43|18|35.172','7.39','','F8 V','','162 ± 5.9 광년(49.6 ± 1.8 파섹)','2.73 ± 0.05 목성질량(868 ± 16 지구질량)','','','','','','HD 153950','','도플러 분광법(HARPS)','2008년 10월 26일','499.4 ± 3.6 일(1.367 ± 0.010 년)','0.34 ± 0.021','','25.8 밀리초각','','0.84','1.72'),('HD 154672 b','planet','제단자리','RA|17|10|04.9121','DEC|-56|26|57.364','8.21','','G3 IV','','214.6 광년(65.8 파섹)','>4.96 목성질량','','','','','','HD 154672','','도플러 분광법','2008년 9월 5일','163.94 ± 0.01 일(0.44884 년)','0.61 ± 0.03','','','','0.233','0.961'),('HD 181433 b','planet','공작자리','RA|19|25|09.5663','DEC|-66|28|07.671','8.38','','K5 V','','87 ± 3 광년(26.8 ± 0.8 파섹)','0.0238 목성질량(7.56 지구질량)','','','','','','HD 181433','','도플러 분광법','2008년 6월 16일','9.3743 일','0.396','','3 밀리초각','','0.048','0.111'),('HD 181433 c','planet','공작자리','RA|19|25|09.5663','DEC|-66|28|07.671','8.38','','K5 V','','87 ± 3 광년(26.8 ± 0.8 파섹)','0.64 목성질량','','','','','','HD 181433','','도플러 분광법','2008년 6월 16일','962 ± 15 일(2.63 년)','0.28 ± 0.02','','65.7 밀리초각','','1.27','2.25'),('HD 181433 d','planet','공작자리','RA|19|25|09.5663','DEC|-66|28|07.671','8.38','','K5 V','','87 ± 3 광년(26.8 ± 0.8 파섹)','0.54 목성질량','','','','','','HD+181433','','도플러 분광법','2008년 12월 9일','2172 ± 158 일(5.947 년)','0.48 ± 0.05','','112 밀리초각','','1.56','4.44'),('HD 183263 c','planet','독수리자리','RA|19|28|24.5727','DEC|08|21|28.995','7.86','','G2 IV','','172 광년(52.8 파섹)','3.82 ± 0.59 목성질량','','','','','','HD 183263','','도플러 분광법','2008년 12월 8일','2950 ± 340 일(8.08 년)','0.253 ± 0.076','','80.5','','3.17','5.33'),('HD 205739 b','planet','남쪽물고기자리','RA|21|38|08.4055','DEC|-31|44|14.945','8.56','','F7 V','','294.5 광년(90.3 파섹)','>1.37 목성질량','','','','','','HD 205739','','도플러 분광법','2008년 9월 5일','279.8 ± 0.1 일(0.7660 년)','0.27 ± 0.07','','9.92 밀리초각','','0.654','1.138'),('HD 20868 b','planet','화로자리','RA|03|20|42.6943','DEC|-33|43|48.374','9.92','','K3 / 4 IV','','159.5 ± 11.4 광년(48.9 ± 3.5 파섹)','1.99 ± 0.05 목성질량(632 ± 16 지구질량)','','','','','','HD 20868','','도플러 분광법(HARPS)','2008년 10월 26일','380.85 ± 0.09 일(1.0427 ± 0.0002 년)','0.75 ± 0.002','','19.4 밀리초각','','0.237','1.66'),('HD 100777 b','planet','사자자리','RA|11|35|51.5234','DEC|-04|45|20.509','','','K0 IV','','172.2 광년(52.8 파섹)','>1.17 ± 0.02 목성질량','','','','','','HD 100777','','HARPS','2007년 3월 5일','383.7 ± 1.2 일(1.050 년)','0.36 ± 0.02','','19.508 밀리초각','','0.659','1.40'),('HD 125612 b','planet','처녀자리','RA|14|20|53.5147','DEC|-17|28|53.475','','','G3 V','','172.28 광년(52.82 파섹)','>3.5 목성질량','','','','','','HD 125612','','도플러 분광법','2007년 4월 10일','502 일(1.37 년)','0.39','','22.719','','0.73','1.67'),('HD 132406 b','planet','','','','','','','','','5.61 목성질량(1782.858 지구질량)','','','','','','','','도플러 분광법','2007년','974 ± 39 일(2.67 년)','0.34 ± 0.09','','4.408 밀리초각','','',''),('HD 155358 b','planet','허큘리스자리','RA|17|09|34.6168','DEC|33|21|21.078','','','G0','','142±4 광년(43±1 파섹)','0.895 목성질량','~1.034  목성반경','','~295 켈빈','','','HD 155358','','도플러 분광법','2007년 5월 10일','195±1.1 일','0.112±0.037','','14.707 밀리초각','','',''),('HD 155358 c','planet','허큘리스자리','RA|17|09|34.6168','DEC|33|21|21.078','','','G0','','142±4 광년(43±1 파섹)','0.504 목성질량','~0.912  목성반경','','~211 켈빈','','','HD 155358','','도플러 분광법','2007년 5월 10일','530.3±27.2 일','0.176±0.174','','28.665 밀리초각','','',''),('HD 156846 b','planet','뱀주인자리','RA|17|20|34.3100','DEC|-19|20|01.486','','','G0 V','','160 광년(49 파섹)','>10.45±0.05 목성질량','~0.840  목성반경','','~310 켈빈','','','HD 156846','','시선 속도법','2007년 10월 26일','359.51±0.09 일(0.98427 년)','0.8472±0.0016','','20 밀리초각','','0.15','1.83'),('HD 159868 b','planet','','','','','','','','','1.7 ± 0.3 목성질량','','','','','','','','도플러 분광법','2007년 2월 9일','986 ± 9 일','0.69 ± 0.02','','37.951 밀리초각','','',''),('HD 16175 b','planet','페르세우스자리','RA|02|37|01.9110','DEC|42|03|45.479','7.28','','G0','','195 광년(59.8 파섹)','4.5 목성질량','~1.022  목성반경','','~253','','','HD 16175','','시선 속도법','2007년 9월 20일, 2007년 10월 22일 발표됨','856±80 일(2.34 년)','0.48±0.1','','34.615 밀리초각','','1.08','3.06'),('HD 167042 b','planet','용자리','RA|18|10|31.6403','DEC|54|17|11.588','5.97','','K1 III','','163 광년(50 파섹)','1.7 목성질량','~1.090  목성반경','','~404 켈빈','','','HD 167042','','시선 속도법','2007년 9월 20일 발견, 2007년 10월 22일 발표','412.6±4 일(1.130 년)','0.027±0.04','','26 밀리초각','','1.26','1.34'),('HD 170469 b','planet','뱀주인자리','RA|18|29|10.9801','DEC|11|41|43.807','','','G5 IV','','211.91 광년(64.97 파섹)','>0.67 목성질량','','','','','','HD 170469','','도플러 분광법','2007년 4월 10일','1143 일(3.129 년)','0.36','','30.783 밀리초각','','1.32','2.82'),('HD 17092 b','planet','페르세우스자리','RA|02|46|22','DEC|49|39|11','','','K0 III','','355 광년(109 파섹)','4.6 목성질량','~0.982  목성반경','','~402 켈빈','','','HD 17092','','도플러 분광법','2007년 5월 6일','359.9±2.4 일','0.166±0.052','','11.835 밀리초각','','',''),('HD 171028 b','planet','뱀주인자리','RA|18|32|15.4929','DEC|06|56|44.714','','','G0 V','','293.5±25.4 광년(90±7.8 파섹)','>1.83 목성질량','','','','','','HD 171028','','도플러 분광법','2007년 7월 13일','538±2 일(1.47 년)','0.61','','14.333 밀리초각','','0.50','2.08'),('HD 175541 b','planet','뱀자리','RA|18|55|40.8837','DEC|04|15|55.169','','','G8 IV','','415.8 광년(127.5 파섹)','>0.61 목성질량(190 지구질량)','','','','','','HD 175541','','도플러 분광법','2007년 4월 10일','297.3 ± 6 일(0.8140 년)','0.33 ± 0.2','','8.047 밀리초각','','0.69','1.37'),('HD 177830 c','planet','거문고자리','RA|19|05|20.7735','DEC|25|55|14.379','','','K0','','192.54 광년(59.06 파섹)','>0.186 목성질량','~0.652  목성반경','','~528 켈빈','','','HD 177830','','도플러 분광법','2007 년','111.19 ± 0.19 일(0.30442 년)','0.40 ± 0.14','','8.70 밀리초각','','0.309','0.719'),('HD 190647 b','planet','궁수자리','RA|20|07|19.6697','DEC|-35|32|19.079','','','G5 IV','','176.8 광년(54.2 파섹)','>1.9 목성질량','','','','','','HD 190647','','HARPS','2007년 3월 5일','1038.1 ± 5.1 일(2.8421 년)','0.18 ± 0.02','','38.192 밀리초각','','1.70','2.44'),('HD 192699 b','planet','독수리자리','RA|20|16|06.0043','DEC|04|34|50.863','','','G8 IV','','220 광년(67.4 파섹)','>2.5 목성질량(790 지구질량)','','','','','','HD 192699','','도플러 분광법','2007년 4월 10일','351.5 ± 6 일(0.9624 년)','0.149 ± 0.06','','','','1.15','1.33'),('HD 210702 b','planet','페가수스자리','RA|22|11|51.3311','DEC|16|02|25.983','','','K1 IV','','182.4 광년(55.92 파섹)','>2 목성질량(636 지구질량)','','','','','','HD 210702','','도플러 분광법','2007년 4월 10일','341.1 일(0.9339 년)','0.152 ± 0.08','','20.9 밀리초각','','0.992','~1.35'),('HD 219828 b','planet','페가수스자리','RA|23|18|46.7353','DEC|18|38|44.590','','','G0 IV','','264.5 광년(81.1 파섹)','>0.066 목성질량(>21 지구질량)','~0.398  목성반경(4.32 지구반경)','','~1507 켈빈','','','HD 219828','','도플러 분광법','2007년 2월 18일','0.010495 년','0.021','','0.641 밀리초각','','0.051','0.053'),('HD 221287 b','planet','큰부리새자리','RA|23|31|20.3389','DEC|-58|12|35.038','','','F7 V','','172.502 광년(52.889 파섹)','>3.12 ± 0.78 목성질량(992 지구질량)','','','','','','HD 221287','','HARPS','2007년 3월 5일','456.1 ± 6.5 일(1.2487 년)','0.08 ± 0.11','','23.629 밀리초각','','1.15','1.35'),('HD 23127 b','planet','그물자리','RA|03|39|23.639','DEC|-60|04|40.230','','','G2 V','','290.73 광년(89.14 파섹)','>1.37 목성질량','~1.135  목성반경','','~172 켈빈','','','HD 23127','','도플러 분광법','2007년 2월 9일','1214 ± 9 일','0.44 ± 0.07','','25.69 밀리초각','','',''),('HD 231701 b','planet','화살자리','RA|19|32|04.1611','DEC|16|28|27.444','','','F8 V','','353.6 광년(108.4 파섹)','>1.08 목성질량(343 지구질량)','~1.008  목성반경(10.94 지구반경)','','~428 켈빈','','','HD 231701','','도플러 분광법','2007년 4월 10일','142±2.8 일(0.389 년)','0.19±0.05','','5.074 밀리초각','','0.45','0.65'),('HD 43691 b','planet','마차부자리','RA|06|19|34.6771','DEC|41|05|32.302','','','G0 IV ~ V','','304 광년(93.2 파섹)','>2.49 목성질량(>791 지구질량)','','','','','','HD 43691','','도플러 분광법','2007년 7월 6일','36.96±0.02 일(0.1012 년)','0.14±0.02','','','','0.21','0.27'),('HD 47536 c','planet','큰개자리','RA|06|37|47.6189','DEC|-32|20|23.045','5.261','','K0 III','','395.83 광년(121.36 파섹)','>6.98 목성질량','~0.850  목성반경','','~486 켈빈','','','HD 47536','','도플러 분광법','2007년 4월 9일','2500 일(6.84 년)','~0.14','','30.678 밀리초각','','~3.19','~4.25'),('HD 70573 b','planet','바다뱀자리','RA|8|22|49.9514','DEC|01|51|33.552','','','G1.2 V','','149 광년(45.7 파섹)','>6.1 ± 0.4 목성질량','~1.56  목성반경','','>1200 켈빈','','','HD 70573','','도플러 분광법','2007년 3월 19일','851.8 ± 11.6 일(2.332 년)','0.4 ± 0.1','','38.512 밀리초각','','1.02','2.50'),('HD 74156 d','planet','바다뱀자리','RA|08|42|25.1222','DEC|04|34|41.151','7.62','','G0 V','','210.6 광년(64.56 파섹)','0.396±0.02 목성질량','~0.867  목성반경','','~334 켈빈','','','HD 74156','','도플러 분광법','2007년 9월 11일','336.6±3.6 일','0.25±0.11','','16 밀리초각','','',''),('HD 75898 b','planet','살쾡이자리','RA|08|53|50.8051','DEC|33|03|24.522','8.04','','G0 IV','','262.82 광년(80.58 파섹)','2.51 목성질량(798 지구질량)','','','','','','HD 75898','','도플러 분광법','2007년 1월 11일','407.26 일(1.1150 년)','0.10','','','','1.054','1.282'),('HD 102195 b','planet','처녀자리','RA|11|45|42.2920','DEC|02|49|17.340','','','K0 V','','94.52','0.488 목성질량(155 지구질량)','','','','','','HD 102195','','도플러 분광법(Exoplanet Tracker)','2006년 1월 12일','4.115 (± 0.001) 일(0.01127 년)','0.06 (± 0.03)','','1.691 밀리초각','','0.046','0.052'),('HD 107148 b','planet','처녀자리','RA|12|19|13.4909','DEC|-03|19|11.242','','','G5 V','','167.18 ± 8.48 광년(51.26 ± 2.6 파섹)','0.21 ± 0.036 목성질량(67 지구질량)','','','','','','HD 107148','','시선 속도법','2006년 7월 15일','48.056 ± 0.057 일(0.13157 년)','0.05 ± 0.17','','5.244 밀리초각','','0.26','0.28'),('HD 154345 b','planet','','','','','','astro-ph','','','>0.963 목성질량','','','','','','HD 154345','','도플러 분광법','2006년 3월 12일(논문 출판일: 2007년 5월 27일)','3322 ± 93 일','0.036 ± 0.046','','231.5 밀리초각','','',''),('HD 164922 b','planet','허큘리스자리','RA|18|02|30.86','DEC|26|18|46.81','7.01','','K0 V','','71.5 광년(21.93 파섹)','0.36±0.046 목성질량','~0.77 목성반경','','~156 켈빈','','','HD 164922','','도플러 분광법','2006년 7월 15일','1155±23 일','0.05±0.14','','96.215 밀리초각','','',''),('HD 185269 b','planet','고니자리','RA|19|37|11.7408','DEC|28|29|59.509','6.67','','G0 IV','','153.3 ± 3.3 광년(47 ± 1 파섹)','0.94 목성질량','~1.465 목성반경','','~1308 켈빈','','','HD 185269','','도플러 분광법','2006년 8월 18일','6.838 ± 0.001 일(0.01872 년)','0.3 ± 0.04','','1.638 밀리초각','','0.054','0.100'),('HD 20782 b','planet','화로자리','RA|03|20|03.5776','DEC|-28|51|14.656','','','G3 V','','117 광년(36 파섹)','1.8 ± 0.23 목성질량','~1.056 목성반경','','~216 켈빈','','','HD 20782','','시선 속도법','2006년 3월 14일','585.86 ± 0.03 일(1.6040 년)','0.92 ± 0.03','','37.757 밀리초각','','0.102','2.62'),('HD 224693 b','planet','고래자리','RA|23|59|53.8329','DEC|-22|25|41.208','','','G2 IV','','307 광년(94 파섹)','>0.71 목성질량','','','','','','HD 224693','','도플러 분광법','2006년 4월 17일','26.73 ± 0.02 일(0.07318 년)','0.05 ± 0.03','','2.479 밀리초각','','0.221','0.245'),('HD 24040 b','planet','황소자리','RA|03|50|22.9681','DEC|17|28|34.919','','','G0','','151.7 ± 7.5 광년(46.51 ± 2.3 파섹)','>4.04 목성질량','','','','','','HD 24040','','도플러 분광법','2006년 3월 12일','3400 ± 160 일(9.3 년)','0.068 ± 0.039','','','','4.36','5.00'),('HD 33283 b','planet','토끼자리','RA|05|08|01.0118','DEC|-26|47|50.896','8.05','','G4 V','','283.37 광년(86.88 파섹)','0.33 목성질량','','','','','','HD 33283','','도플러 분광법','2006년 4월 17일','18.179 ± 0.007 일(0.049771 년)','0.48 ± 0.05','','1.669 밀리초각','','0.075','0.215'),('HD 66428 b','planet','외뿔소자리','RA|08|03|28.6652','DEC|-01|09|45.752','','','G5','','179 ± 12.4 광년(55 ± 3.8 파섹)','2.82 목성질량','~0.998 목성반경','','~157 켈빈','','','HD 66428','','도플러 분광법','2006년 7월 15일','1973 ± 31 일(5.402 년)','0.465 ± 0.03','','57.818 밀리초각','','1.70','4.66'),('HD 68988 c','planet','큰곰자리','RA|08|18|22.1731','DEC|61|27|38.599','','','G0','','192 광년(58.8 파섹)','>5.29 목성질량','~1.010 목성반경','','~118 켈빈','','','HD 68988','','시선 속도법','2006년 11월','4100 일(11 년)','0.01 ± 0.27','','103.448 밀리초각','','5.27','5.37'),('HD 69830 b','planet','고물자리','RA|08|18|23.9','DEC|-12|37|55.8','5.95','','K0 V','','41 광년(12.6 파섹)','0.033 목성질량','','','~804 켈빈','','','HD 69830','','도플러 분광법','2006년 5월 18일','8.667±0.003 일','0.1±0.04','','6.23 밀리초각','','',''),('HD 69830 c','planet','고물자리','RA|08|18|23.9','DEC|-12|37|55.8','5.95','','K0 V','','41 광년(12.6 파섹)','0.038 목성질량','','','~522 켈빈','','','HD 69830','','도플러 분광법','2006년 5월 18일','31.56±0.04 일','0.13±0.06','','14.762 밀리초각','','',''),('HD 69830 d','planet','고물자리','RA|08|18|23.9473','DEC|-12|37|55.824','5.95','','K0 V','','41 광년(12.6 파섹)','0.058 목성질량','','','~284 켈빈','','','HD 69830','','HARPS','2006년 5월 18일','197 ± 3 일','0.07 ± 0.07','','50 밀리초각','','',''),('HD 73526 c','planet','돛자리','RA|08|37|16.4839','DEC|-41|19|08.767','9','','G6 V','','322.9 광년(99.0 파섹)','2.30±0.17 목성질량','~1.106 목성반경','','~290','','','HD 73526','','도플러 분광법','2006년 2월 25일','376.9±0.9 일','0.40±0.05','','10.606','','',''),('HD 86081 b','planet','육분의자리','RA|09|56|05.9183','DEC|-03|48|30.318','','','F8 V','','297 광년(91 파섹)','1.50 목성질량(477 지구질량)','','','','','','HD 86081','','시선 속도법(N2K 컨소시엄)','2006년 4월 17일','2.1375±0.0002 일(0.0058521 년)','0.008±0.004','','0.43','','0.035','0.035'),('HD 99109 b','planet','사자자리','RA|11|24|17.358','DEC|-01|31|44.674','9.1','','K0 V','','197.19 ± 15.7 광년(60.46 ± 4.8 파섹)','0.502 ± 0.07 목성질량','','','~225 켈빈','','','HD 99109','','도플러 분광법','2006년 7월 15일','439.3 ± 5.6 일','0.09 ± 0.16','','18.264 밀리초각','','',''),('HIP 14810 b','planet','양자리','RA|03|11|14.2304','DEC|21|05|50.491','8.52','','G5 V','','172.48 ± 14.3 광년(52.88 ± 4.4 파섹)','3.84 ± 0.54 목성질량','','','','','','HIP+14810','','도플러 분광법','2006년 7월 15일','6.6792 ± 0.002 일','0.147 ± 0.006','','','','0.0590','0.0794'),('HIP 14810 c','planet','양자리','RA|03|11|14.2304','DEC|21|05|50.491','8.52','','G5 V','','172.48 ± 14.3 광년(52.88 ± 4.4 파섹)','0.76 ± 0.12 목성질량','','','','','','HIP 14810','','도플러 분광법','2006년 8월 18일','95.2914 ± 0.002 일(0.260889 년)','0.4088 ± 0.006','','','','0.241','0.573'),('HD 101930 b','planet','센타우루스자리','RA|11|43|30.11','DEC|-58|00|24.793','8.21','','K1 V','','99.42 광년(30.50 파섹)','0.30 목성질량(95 지구질량)','','','','','','HD 101930','','도플러 분광법(HARPS)','2005년 2월 14일','70.46 ± 0.18 일(0.1929 년)','0.11 ± 0.02','','10 밀리초각','','0.077','0.335'),('HD 108874 c','planet','머리털자리','RA|12|30|26.8829','DEC|22|52|47.383','','','G5','','223.4 광년(68.5 파섹)','1.018 ± 0.3 목성질량','~0.997 목성반경','','~164 켈빈','','','HD 108874','','도플러 분광법','2005년 6월 24일','1605.8 ± 88','0.25 ± 0.07','?','39.124 밀리초각','','',''),('HD 109749 b','planet','센타우루스자리','RA|12|37|16.3781','DEC|-40|48|43.619','','','G3 IV','','192 광년(59 파섹)','0.28±0.016 목성질량(89 지구질량)','','','','','','HD 109749','','도플러 분광법(N2K 컨소시엄)','2005년 8월 22일','5.23947±0.00056 일(00143446 년)','0','','1.07 밀리초각','','0.0629','0.0629'),('HD 117207 b','planet','센타우루스자리','RA|13|29|21.1137','DEC|-35|34|15.589','','','G7 IV ~ V','','108 광년(33 파섹)','>1.88 목성질량(>598 지구질량)','','','','','','HD 117207','','시선 속도법','2005년 1월 25일','2597±41 일(7.110 년)','0.144±0.035','','115 밀리초각','','3.24','4.34'),('HD 118203 b','planet','큰곰자리','RA|13|34|02.5375','DEC|53|43|42.704','','','K0 IV','','289 광년(88.6 파섹)','>2.14 목성질량(>680 지구질량)','','','','','','HD 118203','','도플러 분광법(ELDOIE)','2005년 8월 22일','6.1335±0.0006 일(0.016792 년)','0.309±0.014','','0.79 밀리초각','','0.048','0.092'),('HD 128311 b','planet','목동자리','RA|14|36|00.5607','DEC|09|44|47.466','','','K0 V','','54.14 광년(18.04 파섹)','>2.19 ± 0.20 목성질량','~1.033 목성반경','','~141 켈빈','','','HD 128311','','도플러 분광법','2002년','458.6 ± 6.8 일(1.256 년)','0.25 ± 0.10','','66.205','','0.820','1.380'),('HD 142022 Ab','planet','팔분의자리','RA|16|10|15.0238','DEC|-84|13|53.802','7.69','','','','117 광년(35.9 파섹) |class=G9 V','4.47 목성질량(1,420 지구질량)','','','','','','HD 142022 A','','시선 속도법(CORALIE)','2005년 2월 14일','1928 ± 46 일(5.278 년)','0.53 ± 0.20','','81.6 밀리초각','','1.38','4.48'),('HD 149143 b','planet','뱀주인자리','RA|16|32|51.0498','DEC|02|05|05.395','','','G0','','207 광년(63.5 파섹)','1.33 목성질량(423 지구질량)','','','','','','HD 149143','','도플러 분광법','2005년 8월 22일','4.07±0.70 일(0.0111 년)','0','','0.836 밀리초각','','0.0531','0.0531'),('HD 183263 b','planet','독수리자리','RA|19|28|24.5727','DEC|08|21|28.995','7.86','','G2 IV','','172 광년(52.8 파섹)','3.69 목성질량','','','','','','HD 183263','','도플러 분광법','2005년 1월 25일','634.23 일(1.7364 년)','0.38 ± 0.03','','28.8 밀리초각','','0.94','2.10'),('HD 196885 Ab','planet','돌고래자리','RA|20|39|51.8756','DEC|11|14|58.737','','','F8 IV','','112 광년(34.3 파섹)','2.96 목성질량(941 지구질량)','','','','','','HD 196885 A','','도플러 분광법(스위스 망원경)','2005년 2월 14일','1349 일(3.693 년)','0.462','','','','1.24','3.36'),('HD 212301 b','planet','팔분의자리','RA|22|27|30.9195','DEC|-77|43|04.521','','','F8 V','','171.93 광년(52.71 파섹)','>0.396 목성질량','~0.814 목성반경','','~1540 켈빈','','','HD 212301','','도플러 분광법','2005년 8월 22일','2.24572 ± 28 일(0.00614834 년)','0','','0.647 밀리초각','','0.0341','0.0341'),('HD 27894 b','planet','그물자리','RA|04|20|47.0473','DEC|-59|24|39.014','','','K2 V','','138.1 광년(42.37 파섹)','0.618±0.088 목성질량(196 지구질량)','','','','','','HD 27894','','시선 속도법','2005년 2월 15일','17.991±0.007 일(0.049256 년)','0.049±0.08','','2.879 밀리초각','','0.116','0.128'),('HD 33564 b','planet','기린자리','RA|05|22|33.5319','DEC|79|13|52.135','5.08','','F6 V','','68.43 광년(20.98 파섹)','9.13 ± 0.17 목성질량(2,900 ± 54 지구질량)','~0.921 목성반경','','~276 켈빈','','','HD 33564','','도플러 분광법','2005년 9월 3일','388 ± 3 일(1.06 년)','0.34 ± 0.02','','53.241 밀리초각','','0.737','1.497'),('HD 37124 d','planet','황소자리','RA|05|37|02.4864','DEC|20|43|50.836','7.68','','G4 V','','107.63 광년(33.2 파섹)','0.66 목성질량','','','','','','HD 37124','','도플러 분광법','2005년 6월 24일','2,295 일','0.2','','96.667 밀리초각','','',''),('HD 45350 b','planet','마차부자리','RA|06|28|45.7103','DEC|38|57|46.667','7.88','','G5','','160 ± 8 광년(49 ± 2 파섹)','1.79 ± 0.14 목성질량(569 ± 44 지구질량)','','','','','','HD 45350','','도플러 분광법','2005년 1월 20일','963.6 ± 3.4 일(2.64 ± 0.01 년)','0.778 ± 0.009','','','','0.43','3.41'),('HD 50499 b','planet','고물자리','RA|06|52|02','DEC|-33|54|56','7.221','','G1 V','','154.14 광년(47.26 파섹)','>1.72 ± 0.03 목성질량','~1.019 목성반경','','~161 켈빈','','','HD 50499','','도플러 분광법','2005년','2458 ± 38 일','0.25 ± 0.20','','81.676 밀리초각','','',''),('HD 63454 b','planet','카멜레온자리','RA|07|39|21.8511','DEC|-78|16|44.300','','','K4 V','','116.7 광년(35.80 파섹)','0.38 목성질량','~1.279 목성반경','','~990 켈빈','','','HD 63454','','도플러 분광법','2005년 2월 14일','2.81782±0.000095 일(0.00771464 년)','0','','1.006 밀리초각','','0.036','0.036'),('HD 81040 b','planet','사자자리','RA|09|23|47.0873','DEC|20|21|52.034','7.72','','G2 / G3','','106.2 ± 4.27 광년(32.56 ± 1.31 파섹)','6.86 ± 0.71 목성질량','','','>170 켈빈','','','HD 81040','','도플러 분광법','2005년 11월 24일','1001.7 ± 7 일','0.526 ± 0.042','','59.582 밀리초각','','',''),('HD 93083 b','planet','공기펌프자리','RA|10|44|20.9149','DEC|-35|34|37.279','','','K2 IV ~ V','','94.3 광년(28.9 파섹)','0.37 목성질량(118 지구질량)','','','~317 켈빈','','','HD 93083','','시선속도법','2005년 2월 15일','143.58 ± 0.6 일(0.3931 년)','0.14 ± 0.03','','17 밀리초각','','0.410','0.544'),('HD 102117 b','planet','센타우루스자리','RA|11|44|50.4616','DEC|-58|42|13.354','','','G6 V','','137 광년(42 파섹)','0.172 ±0.018 목성질량(54.7 지구질량)','','','','','','HD 102117','','시선속도법','2004년 9월 16일','20.8133 ±0.0064 일(0.0569827 년)','0.106 ±0.07','','3.648 밀리초각','','0.1347','0.1717'),('HD 114386 b','planet','센타우루스자리','RA|13|10|39.8231','DEC|-35|03|17.218','8.8','','K3 V','','91.42 광년(28.04 파섹)','>1.24 목성질량(>394 지구질량)','','','','','','HD 114386','','시선 속도법(CORALIE)','2004년 2월 10일','937.7 ± 15.6 일(2.567 년)','0.23 ± 0.03','','','','1.27','2.03'),('HD 117618 b','planet','센타우루스자리','RA|13|32|25.56','DEC|-47|16|16.91','','','G2 V','','124.0 광년(38.02 파섹)','0.178±0.021 목성질량(56.5 지구질량)','','','','','','HD 117618','','시선 속도법','2004년 12월 16일','25.827±0.019 일(0.070709 년)','0.42±0.17','','','','0.102','0.250'),('HD 154857 b','planet','제단자리','RA|17|11|15.7219','DEC|-56|40|50.865','','','G5 V','','223.55 광년(68.54 파섹)','1.8±0.4 목성질량(570±100 지구질량)','','','','','','HD 154857','','도플러 분광법','2004년','409±1 일(1.12 년)','0.47±0.02','','','','0.64','1.8'),('HD 202206 c','planet','염소자리','RA|21|14|57.79','DEC|-20|47|20.1','','','G6 V','','151.14 광년(46.3 파섹)','>2.44 목성질량','','','','','','HD 202206','','시선속도법','2004년 11월 16일','1383.4±18.4 일','0.267±0.021','','','','',''),('HD 208487 b','planet','두루미자리','RA|21|57|19.8477','DEC|-37|45|49.037','','','G2 V','','144.4 광년(44.30 파섹)','0.520 ± 0.082 지구질량','','','','','','HD 208487','','도플러 분광법','2004년 9월 16일','130.08 ± 0.51 일','0.24 ± 0.16','','','','',''),('HD 330075 b','planet','직각자자리','RA|15|49|37.6913','DEC|-49|57|48.692','','','G5','','163.7 광년(50.20 파섹)','0.76 목성질량','~0.988 목성반경','','~1395 켈빈','','','HD 330075','','시선속도법','2004년 2월 10일','3.369 ± 0.004 일(0.009224 년)','0','?','','','0.043','0.043'),('HD 37605 b','planet','오리온자리','RA|05|40|01.7296','DEC|06|03|38.085','','','K0 V','','139.9 광년(42.9 파섹)','>2.84 목성질량(>903 지구질량)','','','','','','HD 37605','','도플러 분광법','2004년 7월 8일','54.23±0.23 일(0.1485 년)','0.737±0.01','','','','0.0686','0.453'),('HD 88133 b','planet','사자자리','RA|10|10|07.68','DEC|18|11|12.74','','','G5 IV','','242.7 광년(74.46 파섹)','0.299±0.033 목성질량(95 지구질량)','','','','','','HD 88133','','시선 속도법(N2K 컨소시엄)','2004년 9월 6일','3.41587±0.00059 일(0.00935198 년)','0.133±0.072','','','','0.0409','0.0535'),('HD 89307 b','planet','사자자리','RA|10|18|21.2877','DEC|12|37|15.990','','','G0 V','','108 광년(33 파섹)','>1.92 목성질량','~1.097 목성반경','','~135 켈빈','','','HD 89307','','도플러 분광법','2004년 12월 26일','2159±70 일(5.911 년)','0.23±0.18','','','','2.54','4.02'),('HD 108874 b','planet','머리털자리','RA|12|30|26.8829','DEC|22|52|47.383','','','G5','','223.4 광년(68.5 파섹)','1.36 ± 0.13 목성질량','','','','','','HD 108874','','도플러 분광법','2003년 6월 30일','395.4 ± 2.5 일','0.07 ± 0.04','','','','',''),('HD 111232 b','planet','파리자리','RA|12|48|51.7543','DEC|-68|25|30.544','','','G8 V','','95 광년(29 파섹)','>6.84 목성질량 (>2,170 지구질량)','','','','','','HD 111232','','도플러 분광법(CORALIE)','2003년 6월 30일','1143±14 일(3.129 년)','0.2±0.01','','','','1.57','2.36'),('HD 114729 b','planet','센타우루스자리','RA|13|12|44.2575','DEC|-31|52|24.056','','','G3 V','','114.1 광년(35.00 파섹)','0.95±0.10 목성질량(302 지구질량)','~0.991 목성반경(10.76 지구반경)','','~209 켈빈','','','HD 114729','','도플러 분광법','2003년','1114±15 일(3.050 년)','0.167±0.055','','','','1.76','2.46'),('HD 122430 b','planet','바다뱀자리','RA|14|02|22.7815','DEC|-27|25|47.183','','','K3 III','','440 광년(135 파섹)','3.71 목성질량(1,180 지구질량)','','','','','','HD 122430','','시선 속도법','2003년 4월 14일','344.95±1.08 일(0.94441 년)','0.68±0.09','','','','0.33','1.71'),('HD 12661 c','planet','','','','','','','','','1.83 ± 0.16 목성질량','','','','','','','','도플러 분광법','2003년 4월 1일','1679 ± 29 일','0.017 ± 0.029','','','','',''),('HD 142415 b','planet','직각자자리','RA|15|57|40.7907','DEC|-60|12|00.926','','','G1 V','','113 광년(34.6 파섹)','1.69 목성질량(537 지구질량)','','','','','','HD 142415','','도플러 분광법(CORALIE)','2003년 6월 30일','386.3±1.6 일(1.058 년)','0.5','','','','0.535','1.605'),('HD 169830 c','planet','궁수자리','RA|18|27|49.4838','DEC|-29|49|00.715','5.9','','F7 V','','118.49 광년(36.33 파섹)','3.48 목성질량','~1.09 목성반경','','~236 켈빈','','','HD 169830','','도플러 분광법','2003년 6월 30일','1830 ± 28 일','0.264 ± 0.04','?','','','',''),('HD 216770 b','planet','남쪽물고기자리','RA|22|55|53.7097','DEC|-26|39|31.547','','','K1 V','','123.5 광년(37.89 파섹)','>0.65 목성질량','','','','','','HD 216770','','도플러 분광법','2003년 6월 30일','118.45 ± 0.55 일(0.32429 년)','0.37 ± 0.06','','','','0.29','0.63'),('HD 41004 Ab','planet','','','','','','','','','>2.56 MJ(814 ME))','~1.062 RJ(11.53 RE)','','~145 K','','','HD 41004','','도플러 분광법','','963±38 일(2.64 년)','0.74±0.20','','40 밀리초각','','0.44 AU','2.96 AU'),('HD 59686 b','planet','쌍둥이자리','RA|7|31|48.3969','DEC|17|05|09.765','5.45','','K2 III','','301.84 광년(92.55 파섹)','5.25 목성질량','~1.081 목성반경','','~783 켈빈','','','HD 59686','','도플러 분광법','2003년 11월 16일','303','~0','','','','',''),('HD 65216 b','planet','용골자리','RA|07|53|41.3223','DEC|-63|38|50.363','','','G5 V','','116.0 광년(35.59 파섹)','1.22±0.19 목성질량','~0.995 목성반경','','~205 켈빈','','','HD 65216','','도플러 분광법','2003년 6월 30일','613±11 일(1.68 년)','0.41±0.06','','','','0.805','1.943'),('HD 70642 b','planet','고물자리','RA|08|21|28.1361','DEC|-39|42|19.474','7.18','','G5 V','','93.8 광년(28.76 파섹)','1.97 ± 0.06 목성질량','','','','','','HD 70642','','도플러 분광법(앵글로-오스트레일리안 망원경)','2003년 7월 3일','2068 ± 39 일(5.662 년)','0.034 ± 0.043','','','','3.123','3.341'),('HD 73256 b','planet','나침반자리','RA|08|36|23.0155','DEC|-30|02|15.456','','','G9 V','','119 광년(36.5 파섹)','>1.87 목성질량(>594 지구질량)','','','','','','HD 73256','','도플러 분광법(CORALIE)','2003년','2.54858±0.00016 일(0.00697751 년)','0.029±0.02','','','','0.036','0.038'),('HD 106252 b','planet','처녀자리','RA|12|13|29.5093','DEC|10|02|29.898','7.36','','G0 V','','122.11 광년(37.44 파섹)','>7.10 목성질량(>2,260 지구질량)','','','','','','HD 106252','','시선 속도법','2002년 6월 13일','1516±26 일(4.151 년)','0.586±0.065','','','','1.08','4.12'),('HD 136118 b','planet','뱀자리','RA|15|18|55.4719','DEC|-01|35|32.590','','','F9 V','','171 광년(52.3 파섹)','11.9 목성질량','~0.887 목성반경','','~231 켈빈','','','HD 136118','','도플러 분광법','2002년 2월 7일','1209 ± 24 일(3.310 년)','0.37 ± 0.025','','','','1.4','3.2'),('HD 141937 b','planet','천칭자리','RA|15|52|17.5474','DEC|-18|26|09.834','','','G2 / G3 V','','109 광년(33.5 파섹)','9.68 목성질량(3,080 지구질량)','','','','','','HD 141937','','시선 속도법(CORALIE)','2002년 8월 19일','653.2 ± 1.2 일(1.788 년)','0.41 ± 0.01','','','','0.90','2.14'),('HD 147513 b','planet','전갈자리','RA|16|24|01.2899','DEC|-39|11|34.729','','','G5 V','','41.96 광년(12.87 파섹)','>1.21 목성질량(385 지구질량)','~1.093 목성반경(11.9 지구반경)','','~221 켈빈','','','HD 147513','','도플러 분광법','2002년 6월 19일','528.4 ± 6.3 일(1.4467 년)','0.26 ± 0.05','','','','0.98','1.66'),('HD 196050 b','planet','공작자리','RA|20|37|51.7102','DEC|-60|38|04.135','7.6','','G3 V','','153.05 광년(46.93 파섹)','2.90 목성질량(922 지구질량)','','','','','','HD 196050','','도플러 분광법 (앵글로-오스트레일리안 망원경)','2002년 6월 13일','1378 ± 21 일(3.773 년)','0.228 ± 0.038','','54.12','','1.96','3.12'),('HD 20367 b','planet','양자리','RA|03|17|40.0461','DEC|31|07|37.372','','','G0','','88 ± 3 광년(27.1 ± 0.8 파섹)','1.17 ± 0.23 목성질량(>370 ± 70 지구질량)','','','','','','HD 20367','','도플러 분광법','2002년 6월','469.5 ± 9.3 일(1.29 년)','0.320 ± 0.090','','','','0.847','1.645'),('HD 23596 b','planet','페르세우스자리','RA|03|48|00.3739','DEC|40|31|50.287','','','F8','','170 광년(52 파섹)','>7.80±0.35 목성질량(2,480 지구질량)','~0.967 목성반경(10.5 지구반경)','','~196 켈빈','','','HD 23596','','도플러 분광법','2002년 6월','1565±21 일(4.285 년)','0.292±0.023','','','','2.00','3.66'),('HD 30177 b','planet','황새치자리','RA|04|41|54.3731','DEC|-58|01|14.725','','','G8 V','','178.4 광년(54.7 파섹)','>10.52±0.20 목성질량','~0.9899 목성반경','','~132 켈빈','','','HD 30177','','도플러 분광법','2002년 6월 13일','2770±100 일(7.58 년)','0.193±0.025','','','','3.19','4.71'),('HD 37124 c','planet','황소자리','RA|05|37|02.4864','DEC|20|43|50.836','7.68','','G4 V','','107.63 광년(33.2 파섹)','0.6 목성질량','','','','','','HD 37124','','도플러 분광법','2002년 6월 13일','843.6 일','0.14','','','','',''),('HD 40979 b','planet','마차부자리','RA|06|04|29.9431','DEC|44|15|37.599','','','F8 V','','108.7 광년(33.33 파섹)','3.83±0.36 목성질량(1,217 지구질량)','~1.038 목성반경(11.62 지구반경)','','~327 켈빈','','','HD 40979','','도플러 분광법','2002년 6월 13일','263.84±0.71 일(0.72 년)','0.269±0.034','','','','0.625','1.085'),('HD 47536 b','planet','큰개자리','RA|06|37|47.6189','DEC|-32|20|23.045','5.261','','K0 III','','395.83 광년(121.36 파섹)','>4.96 목성질량','>1.032 목성반경','','~739 켈빈','','','HD 47536','','도플러 분광법','2002년 12월 15일(2003년 1월 22일 공식 확인됨)','430 일(1.18 년)','0.2 ± 0.08','','','','1.26','1.96'),('HD 49674 b','planet','마차부자리','RA|06|51|30.5164','DEC|40|52|03.923','8.10','','G5 V','','133.8 광년(40.73 파섹)','0.105±0.011 목성질량(33.4±0.5 지구질량)','','','','','','HD 49674','','도플러 분광법','2002년 6월 13일','4.94737±0.00098 일','0.087±0.095','','','','0.0530','0.0630'),('HD 50554 b','planet','쌍둥이자리','RA|06|54|42.8253','DEC|24|14|44.011','6.860','','F8 V','','101.21 광년(31.03 파섹)','>4.38±0.02 목성질량','~1.037 목성반경','','~241 켈빈','','','HD 50554','','도플러 분광법','2002년','1223±12 일','0.437±0.038','','','','',''),('HD 72659 b','planet','바다뱀자리','RA|08|34|03.1895','DEC|-01|34|05.583','','','G0 V','','168 광년(51.4 파섹)','>3.30±0.18 목성질량(1,050 지구질량)','','','','','','HD 72659','','도플러 분광법','2002년 6월 13일','3630±230 일(9.94 년)','0.269±0.038','','','','3.49','6.05'),('HD 73526 b','planet','돛자리','RA|08|37|16.4839','DEC|-41|19|08.767','9','','G6 V','','322.9 광년(99.0 파섹)','2.07±0.16 목성질량','~1.038 목성반경','','~374 켈빈','','','HD 73526','','도플러 분광법','2002년 6월 13일','187.5±0.3 일','0.39±0.05','','','','',''),('HD 76700 b','planet','날치자리','RA|08|53|55.5153','DEC|-66|48|03.571','','','G6 V','','194.6 광년(59.70 파섹)','0.233±0.024 목성질량(74.1 지구질량)','','','','','','HD 76700','','시선 속도법','2002년 7월 5일','3.97097±0.00023 일(0.0108717 년)','0.095±0.075','','','','0.0462','0.0560'),('HD 114783 b','planet','처녀자리','RA|13|12|43.7860','DEC|-02|15|54.143','','','K0 V','','66.60 광년 (20.43 파섹)','1.034±0.089 목성질량(328.6 지구질량)','','','','','','HD 114783','','시선 속도법','2001년 10월 15일','496.9±2.3 일(1.360 년)','0.085±0.033','','','','1.070','1.268'),('HD 12661 b','planet','','','','','','','','','2.34 ± 0.19 목성질량','','','','','','','','도플러 분광법','2001년 4월 4일','262.53 ± 0.27 일','0.361 ± 0.011','','','','',''),('HD 178911 Bb','planet','거문고자리','RA|19|09|04.3838','DEC|34|36|01.625','6.74','','G1 V','','160 광년(49 파섹)','7.35 목성질량(2,340 지구질량)','','','','','','HD 178911 B','','시선 속도법 (에셀 분광기)','2001-04-04','71.511 ± 0.011 일(0.19578 년)','0.139 ± 0.14','','','','0.297','0.393'),('HD 190228 b','planet','작은여우자리','RA|20|03|00.7730','DEC|28|18|24.685','7.307','','G5 IV','','202.58 광년(62.11 파섹)','4.49 목성질량(1,430 지구질량)','','','','','','HD 190228','','도플러 분광법','2001년 7월','1146 ± 16 일(3.138 년)','0.499 ± 0.030','','','','1.13','3.37'),('HD 213240 b','planet','두루미자리','RA|22|31|00.3672','DEC|-49|25|59.773','','','G0 / G1 V','','132.91 광년(40.75 파섹)','>4.72 목성질량','~1.057 목성반경','','~236 켈빈','','','HD 213240','','도플러 분광법','2001년 4월 4일','882.7 ± 7.6 일(2.417 년)','0.421 ± 0.015','','','','1.11','2.73'),('HD 23079 b','planet','그물자리','RA|03|39|43.0952','DEC|-52|54|57.017','','','F8 / G0 V','','113.5 광년(34.8 파섹)','>2.45±0.16 목성질량(779 지구질량)','~1.050 목성반경(11.40 지구반경)','','~217 켈빈','','','HD 23079','','도플러 분광법','2001년 10월','730.6±5.7 일(2.000 년)','0.102±0.031','','','','1.44','1.76'),('HD 4203 b','planet','물고기자리','RA|00|44|41.2021','DEC|20|26|56.138','','','G5','','253 광년(77.5 파섹)','>1.16 목성질량(369 지구질량)','','','','','','HD 4203','','도플러 분광법','2001년 10월 15일','431.88±0.85 일(1.1824 년)','0.519±0.027','','','','0.996','3.14'),('HD 68988 b','planet','큰곰자리','RA|08|18|22.1731','DEC|61|27|38.599','','','G0','','192 광년(58.8 파섹)','>1.92 목성질량','~1.281 목성반경','','~1025 켈빈','','','HD 68988','','시선 속도법','2001년 10월 15일','6.27670 ± 0.000053 일(0.0171844 년)','0.1497 ± 0.0079','','','','0.0599','0.0809'),('HD 74156 b','planet','바다뱀자리','RA|08|42|25.1222','DEC|04|34|41.151','7.62','','G0 V','','210.6 광년(164.56 파섹)','1.88±0.03 목성질량','~1.151 목성반경','','~614 켈빈','','','HD 74156','','도플러 분광법','2001년 4월 4일','51.65±0.01 일','0.64±0.01','','','','',''),('HD 74156 c','planet','바다뱀자리','RA|08|42|25.1222','DEC|04|34|41.151','7.62','','G0 V','','210.6 광년(64.56 파섹)','8.03±0.12 목성질량','~1.03 목성반경','','~180 켈빈','','','HD 74156','','도플러 분광법','2001년 4월 4일','2476±8.7 일','0.43±0.01','','','','',''),('HD 80606 b','planet','큰곰자리','RA|09|22|37.5679','DEC|50|36|13.397','8.93','','G5 V','','190 광년(58 파섹)','4.0 ± 0.3 목성질량','1.029 ± 0.017 목성반경','','','','','HD 80606','','도플러 분광법','2001년 4월 4일','111.436 ± 0.003','0.9336 ± 0.0002','89.285 ± 0.023 도','','','',''),('HD 82943 c','planet','바다뱀자리','RA|09|34|50.736','DEC|-12|07|46.365','','','G0 V','','89.56 광년(27.46 파섹)','>2.01 목성질량','~0.985 목성반경','','~329 켈빈','','','HD 82943','','도플러 분광법','2001년','219 일','0.359','','','','',''),('HD 108147 b','planet','남십자자리','RA|12|25|46.2686','DEC|-64|01|19.516','','','F8 / G0 V','','125.7광년(38.57 파섹)','0.40 목성질량(127 지구질량)','','','919 켈빈','','','HD 108147','','도플러 효과(CORALIE)','2000-05-04','10.901 ± 0.001 일(0.029845 년)','0.498 ± 0.025','','','','0.052','0.156'),('HD 121504 b','planet','센타우루스자리','RA|13|57|17.2375','DEC|-56|02|24.153','7.6','','G2 V','','144.6 광년(44.57 파섹)','1.22 MJ(388 ME)','','','','','','HD 121504','','시선 속도법(CORALIE)','','63.33 ± 0.03 일(0.1734 년)','0.03 ± 0.01','','7 밀리초각','','0.32','0.34'),('HD 130322 b','planet','처녀자리','RA|14|47|32.7269','DEC|-00|16|53.314','','','K0 V','','97.02 광년(29.76 파섹)','1.08 목성질량(343 지구질량)','~1.31 목성반경','','~715 켈빈','','','HD 130322','','도플러 분광법 (CORALIE)','2000년 5월 4일','10.724 일(0.029360 년)','0.048','','','','0.084','0.092'),('HD 168746 b','planet','뱀자리','RA|18|21|49.7832','DEC|-11|55|21.660','','','G5 V','','140.6 광년(43.12 파섹)','0.23 목성질량(73 지구질량)','','','','','','HD 168746','','도플러 분광법(CORALIE)','2000년 5월 4일','6.403 ± 0.001 일(0.01753 년)','0.081 ± 0.029','','','','0.060','0.070'),('HD 169830 b','planet','궁수자리','RA|18|27|49.4838','DEC|-29|49|00.715','5.9','','F7 V','','118.49 광년(36.33 파섹)','2.98 목성질량','~1.29 목성반경','','~418 켈빈','','','HD 169830','','도플러 분광법','2000년 5월 4일','226.01 ± 0.23 일','0.332 ± 0.03','?','','','',''),('HD 179949 b','planet','궁수자리','RA|19|15|33.23','DEC|-24|10|45.67','','','F8 V','','88.18 광년(27.05 파섹)','0.923±0.077 목성질량','','','','','','HD 179949','','도플러 분광법','2000년 12월 16일','3.092514±0.000032 일','0.022±0.015','','','','',''),('HD 38529 Ab','planet','오리온자리','RA|05|46|34.9120','DEC|01|10|05.496','5.94','','G4 V','','138.397 광년(42.433 파섹)','0.78 목성질량(250 지구질량)','~0.9586 목성반경(10.41 지구반경)','','~1119 켈빈','','','HD 38529 A','','도플러 분광법','2000년 7월 5일','14.309 (± 0.05) 일(0.039175 년)','0.29 (± 0.02)','','','','0.091','0.167'),('HD 46375 b','planet','외뿔소자리','RA|06|33|12.6237','DEC|05|27|46.532','','','K1 IV','','108.9 광년(33.41 파섹)','0.226±0.019 목성질량','~0.733 목성반경','','~1165 켈빈','','','HD 46375','','도플러 분광법','2000년 3월 29일','3.023573±0.000065 일(0.008277947 년)','0.063±0.026','','','','0.0373','0.0423'),('HD 52265 b','planet','외뿔소자리','RA|07|00|18.0363','DEC|-05|22|01.783','','','G0 V','','91.50 광년 (28.07 파섹)','1.09±0.11 목성질량','~1.136 목성반경','','~419 켈빈','','','HD 52265','','도플러 분광법','2000-04-22','119.290±0.086 일(0.326593 년)','0.325±0.065','','','','0.340','0.668'),('HD 82943 b','planet','바다뱀자리','RA|09|34|50.736','DEC|-12|07|46.365','','','G0 V','','89.56 광년(27.46 파섹)','1.75 목성질량','~1.016 목성반경','','~261 켈빈','','','HD 82943','','도플러 분광법','2000년','441.2 일','0.219','','','','',''),('HD 83443 b','planet','돛자리','RA|9|37|11.83','DEC|-43|16|19.94','','','K0 V','','141.9 광년(43.54 파섹)','>0.38 목성질량','','','','','','HD 83443','','도플러 분광법','2000년 5월 4일','2.98565 ± 0.00003 일','0.013 ± 0.013','','','','',''),('HD 89744 b','planet','큰곰자리','RA|10|11|10.5621','DEC|41|13|46.308','','','F7 V','','130 광년(40 파섹)','8.58 ± 0.71 목성질량(2,730 지구질량)','','','','','','HD 89744','','도플러 분광법(에셀 분광기)','2000년 4월 22일','256.80 ± 0.13 일(0.70307 년)','0.6770 ± 0.0072','','','','0.302','1.566'),('HD 92788 b','planet','육분의자리','RA|10|42|48.5287','DEC|-02|11|01.521','7.31','','G5','','107.1 광년(32.82 파섹)','>3.68 목성질량','~0.962 목성반경','','~249 켈빈','','','HD 92788','','도플러 분광법','2000-07-25','325.94±0.22 일(0.89236 년)','0.332 ± 0.011','','','','0.65','1.29'),('HD 210277 b','planet','물병자리','RA|22|09|29.8657','DEC|-07|32|55.155','','','G0 V','','69.44 광년(21.29 파섹)','> 1.29 ± 0.11 목성질량(> 410 지구질량)','1.004 목성반경','','237 켈빈','','','HD 210277','','시선 속도법','1998-12-09','442.19 ± 0.50 일(1.2106 년)','0.476 ± 0.017','','','','0.596','1.680'),('HD 222582 b','planet','물병자리','RA|23|41|51.5299','DEC|-05|59|08.726','','','G5','','136.8 광년(41.95 파섹)','>5.11 목성질량(1623.958 지구질량)','1.036 목성반경','','232 켈빈','','','HD 222582','','도플러 분광법','1999년','572 일(1.57 년)','0.76','','','','0.327','2.37'),('HD 37124 b','planet','황소자리','RA|05|37|02.4864','DEC|20|43|50.836','7.68','','G4 V','','107.63 광년(33.2 파섹)','0.61 목성질량','','','','','','HD 37124','','도플러 분광법','1999-11-14','154.46 ± 0.369 일','0.055','','','','',''),('HD 75289 b','planet','','RA|08|47|40','DEC|-41|44|12','6.35','','G0 V','','94.34 광년(28.94 파섹)','0.467 ± 0.041 MJ','','','','','','HD 75289','','시선속도법','','3.509267 ± 0.000064 일','0.034 ± 0.029','','2 밀리초각','','',''),('HD 114762 b','planet','머리털자리','RA|13|12|19.7427','DEC|17|31|01.643','7.3','','F9 V','','132.3 광년(40.6 파섹)','11.02 ± 0.96 목성질량(3,503 지구질량)','~0.996 목성반경(10.8 지구반경)','','~485 켈빈','','','HD 114762','','도플러 분광법','1989','83.8881 ± 0.0086 일(0.229669 년)','0.3359 ± 0.0091','','','','0.241','0.485'),('HD 128311 b','planet','목동자리','RA|14|36|00.5607','DEC|09|44|47.466','','','K0 V','','54.14 광년(18.04 파섹)','>3.22 ± 0.49 목성질량','~1.038 목성반경','','~179 켈빈','','','HD 128311','','도플러 분광법','2005년 6월 24일','928 ± 18 일(2.54 년)','0.170 ± 0.090','','','','1.46','2.06'),('HIP 14810 d','planet','양자리','RA|03|11|14.2304','DEC|21|05|50.491','8.52','','G5 V','','172.48 ± 14.3 광년(52.88 ± 4.4 파섹)','0.570 ± 0.052 목성질량','','','','','','HIP 14810','','시선속도법','2009년','962 ± 15 일','0.173 ± 0.037','','','','',''),('HD 187085 b','planet','궁수자리','RA|19|49|33.9667','DEC|-37|46|49.981','','','G0 V','','147 광년(45 파섹)','>0.75 목성질량','','','','','','HD 187085','','도플러 분광법','2006-03-14','986 일(2.70 년)','0.33','','','','1.38','2.72'),('HD 188015 b','planet','작은여우자리','RA|19|52|04.5435','DEC|28|06|01.356','','','G5 IV','','171.66 광년(52.63 파섹)','>1.50 ± 0.13 목성질량','','','','','','HD 188015','','도플러 분광법','2005-01-25','461.2 ± 1.7 일(1.263 년)','0.137 ± 0.026','','','','1.038','1.368'),('HD 240210 b','planet','카시오페이아자리','RA|23|10|29.2303','DEC|57|01|46.035','8.33','','K3 III','','466 ± 173 광년(143 ± 53 파섹)','','','','','','','HD 240210','','','','501.75 ± 2.33 일(1.3737 ± 0.0064 년)','0.15 ± 0.02','','','','1.13','1.53'),('HAT-P-13 b','planet','큰곰자리','RA|08|39|32','DEC|47|21|07','10.62','','G4 V','','697.9 광년(214 파섹)','0.851(?0.046/+0.029) 목성질량','1.28 ± 0.079 목성반경','','','','','HAT-P-13','','트랜싯법, 시선속도법','2009-07-21','2.91626 ± 1e-05 일','0.021 ± 0.009','83.4 ± 0.6','','','',''),('HAT-P-13 c','planet','','RA|08|39|32','DEC|47|21|07','10.62','','G4 V','','','15.2 ± 1 목성질량','','','','','','HAT-P-13','','','2009년','428.5 ± 3 일','0.691 ± 0.018','','','','',''),('HD 17156 c','planet','카시오페이아자리','RA|02|49|04.49','DEC|71|45|11.64','8.17','','G0 IV (황색 준거성)','','255.19 광년(78.24 파섹)','0.063 ± 0.007 목성질량(20 ± 2.2 지구질량)','','','','','','HD 17156','','행성 섭동','2008-03-20','111.314 ± 3 일','0.136 ± 0.005','','','','',''),('HD 147018 b','planet','남쪽삼각형자리','RA|16|23|00.1463','DEC|-61|41|19.542','8.4','','G9','','140.12 ± 5.2 광년(42.96 ± 1.6)','2.12 ± 0.07 목성질량','','','','','','HD 147018','','시선속도법(CORALIE)','2009-08-11','44.236 ± 0.008 일(0.12111 ± 2e-5 년)','0.4686 ± 0.0081','','','','0.1269','0.3507'),('HD 147018 c','planet','남쪽삼각형자리','RA|16|23|00.1463','DEC|-61|41|19.542','8.4','','G9 V','','140.12 ± 5.2 광년(42.96 ± 1.6 파섹)','6.56 ± 0.32 목성질량','','','','','','HD 147018','','시선속도법 (CORALIE)','2009-08-11','1008 ± 18 일(2.76 ± 0.049 년)','0.133 ± 0.011','','','','1.666','2.178'),('HD 171238 b','planet','궁수자리','RA|18|34|43.6733','DEC|-28|04|20.328','8.66','','G8 V','','163.99 ± 9.49 광년 (50.28 ± 2.91 파섹)','2.6 ± 0.15 목성질량','','','','','','HD 171238','','시선속도법 (CORALIE)','2009-08-11','1523(+40, -45)일 (4.17(+0.11, -0.12)년)','0.4(+0.061, -0.065)','','','','1.52','3.56'),('HD 125595 b','planet','센타우루스자리','RA|14|21|23.1859','DEC|-40|23|38.211','9.03','','K4 V','','89.4 ± 2.9 광년(27.4 ± 0.9 파섹)','0.045 목성질량(14 지구질량)','','','','','','HD 125595','','시선속도법 (HARPS)','2009-10-19','9.67 일(0.0265 년)','','','','','',''),('HD 1461 b','planet','고래자리','RA|00|18|41.62','DEC|-08|03|9.5','6.47','','G0 V','','76 광년(23.3 파섹)','8.1 ± 0.7 지구질량','','','','','','HD 1461','','시선속도법','2009-12-14','5.7722 ± 0.0011 일(0.015803 년)','0.04 ± 0.01','','','','0.061078','0.065791'),('HD 9446 b','planet','삼각형자리','RA|01|33|20','DEC|29|15|55','8.35','','G5 V','','172 ± 10 광년(53 ± 3 파섹)','0.70 ± 0.06 목성질량','','','','','','HD 9446','','시선속도법','2010-01-05','30.052 ± 0.027 일','0.20 ± 0.06','','','','',''),('HD 9446 b','planet','삼각형자리','RA|01|33|20','DEC|29|15|55','8.35','','G5 V','','172 ± 10 광년(53 ± 3 파섹)','1.82 ± 0.17 목성질량','','','','','','HD 9446','','시선속도법','2010-01-05','192.9 ± 0.9 일','0.06 ± 0.06','','','','',''),('HD 156668 b','planet','허큘리스자리','RA|17|17|40','DEC|29|13|38','8.42','','K2','','78.5 ± 2.0 광년(24.1 ± 0.6 파섹)','4.15 지구질량','','','','','','HD 156668','','도플러 분광법','2010-01-07','~111.41 시간(~4.6455 일 또는 ~0.01272 년)','0','','','','',''),('HIP 5158 b','planet','고래자리','RA|01|06|02.0482','DEC|-22|27|11.350','10.21','','K5 V','','146.1 ± 14 광년(44.8 ± 4.3 파섹)','1.3 목성질량','','','','','','HIP 5158','','시선속도법 (HARPS)','2009-10-19','344 일(0.94 년)','','','','','',''),('HD 103197 b','planet','센타우루스자리','RA|11|52|52.9787','DEC|-50|17|34.160','9.41','','K1 Vp','','160.9 ± 11.7 광년(49.3 ± 3.6 파섹)','0.1 목성질량','','','','','','HD 103197','','시선속도법 (HARPS)','2009-10-19','47.8 일(0.131 년)','','','','','',''),('HIP 79431 b','planet','전갈자리','RA|16|12|41.77','DEC|-18|52|31.8','11.337','','M3 V','','47.0 ± 2.2 광년(14.4 ± 0.7 파섹)','2.1 목성질량','','','','','','HIP 79431','','도플러 분광법','2010-01-07','111.7 ± 0.7 일(0.306 년)','0.29','','','0.4 ± 0.1','0.25','0.46'),('HD 175167 b','planet','비둘기자리','RA|19|00|00.84','DEC|-69|56|39.3','8.000','','K2 V','','218.6 ± 13.3 광년(67.02 ± 4.09 파섹)','7.8 ± 3.5 목성질량','','','','','','HD 175167','','도플러 분광법','2010-01-26','1290 ± 22 일(3.53 년)','0.54 ± 0.09','','','0.19','1.10','3.70'),('HD 104067 b','planet','까마귀자리','RA|11|59|10.0100','DEC|-20|21|13.609','7.93','','K2 V','','67.84 ± 0.13 광년(20.8 ± 0.04 파섹)','0.16 목성질량','','','','','','HD 104067','','시선속도법(HARPS)','2009-10-19','55.8 일(0.153 년)','','','','','',''),('HD 125612 c','planet','처녀자리','RA|14|20|53.5147','DEC|-17|28|53.475','8.31','','G3 V','','172.28 광년(52.82 파섹)','0.067 목성질량(21 지구질량)','','','','','','HD 125612','','시선속도법(HARPS)','2009-10-19','4.1547 일(0.011375 년)','','','','','',''),('HD 125612 d','planet','처녀자리','RA|14|20|53.5147','DEC|-17|28|53.475','8.31','','G3 V','','172.28 광년(52.82 파섹)','7.1 목성질량','','','','','','HD 125612','','시선속도법(HARPS)','2009-10-19','4613 일(12.63 년)','','','','','',''),('HD 126614 Ab','planet','처녀자리','RA|14|26|48.2804','DEC|-05|10|40.009','8.81','','K0','','235.9 ± 17.3 광년(72.4 ± 5.3 파섹)','0.42 ± 0.05 목성질량','','','','','','HD 126614 A','','시선속도법','2009-11-13','1186 ± 15 일(3.25 년)','0.59 ± 0.15','','','','0.94','3.61'),('HD 13931 b','planet','안드로메다자리','RA|02|16|47.3791','DEC|43|46|22.784','7.61','','G0','','144.2 ± 4.6 광년(44.2 ± 1.4 파섹)','1.88 ± 0.15 목성질량','','','','','','HD 13931','','시선속도법','2009-11-13','4218 ± 388 일(~11.55 년)','0.02 ± 0.05','','','','5.05 ± 0.43','5.25 ± 0.46'),('HD 1461 c','planet','고래자리','RA|00|18|41.62','DEC|-08|03|9.5','6.47','','G0 V','','76 광년(23.3 파섹)','22.9 ± 9.8 지구질량','','','','','','HD 1461','','시선속도법','2009-12-14','454 ± 4','0.74 ± 0.13','','','','0.307','2.023'),('HD 1461 d','planet','고래자리','RA|00|18|41.62','DEC|-08|03|9.5','6.47','','G0 V','','76 광년(23.3 파섹)','0.305 ± 3.65 목성질량(97 ± 1161 지구질량)','','','','','','HD 1461','','시선속도법','2009-12-14','5000 ± 90000 일(14 ± 250 년)','0.16 ± 0.29','','','','',''),('HD 148156 b','planet','직각자자리','RA|16|28|17.2832','DEC|-46|19|03.445','7.71','','G1 V','','179.06 ± 9.46 광년(53.05 ± 2.9 파섹)','0.91 목성질량','','','','','','HD 148156','','시선속도법(HARPS)','2009-10-19','1010 일(2.77 년)','','','','','',''),('HAT-P-14b','planet','허큘리스자리','RA|17|20|28','DEC|38|14|32','9.98','','','','670 ± 36 광년(205 ± 11 파섹)','2.232 ± 0.059 목성질량','1.150 ± 0.052 목성반경','','','','','HAT-P-14','','천문학적 통과','2010-03-10','4.6267669 ± 5e-06 일(~111.0424 시간)','0.107 ± 0.013','83.5 ± 0.3','','','0.0541 ± 0.0014','0.0671 ± 0.0016'),('OGLE-TR-211b','planet','용골자리','RA|10|40|14.39','DEC|-62|27|20.2','','','F','','약 17300 광년(5300 파섹)','1.03±0.2 목성질량','1.36  목성반경','','','','','OGLE-TR-211','','트랜싯법','2007년 11월 27일','3.67724±3e-5 일(0.0100676 년)','0','>87.2','0.01 밀리초각','','0.051','0.051'),('OGLE-TR-132b','planet','용골자리','RA|10|50|34.72','DEC|-61|57|25.9','','','F','','4,892 광년(1,500 파섹)','1.14 ±0.12 MJ','1.18 ±0.07 RJ','','','','','OGLE-TR-132','','항성면 통과법','2004-04-14','1.689868 ±3e-06 일','0','85 ±1 도','','','',''),('OGLE-TR-113b','planet','용골자리','RA|10|52|24.40','DEC|-61|26|48.5','','','K','','5,000 광년(~1,500 파섹)','1.32 ±0.19 MJ','1.09 ±0.03 RJ','','','','','OGLE-TR-113','','항성면 통과','2004-04-14','1.4324757 ± 0.0000013','0','88.8','','','',''),('OGLE-TR-111b','planet','용골자리','RA|10|53|17.91','DEC|-61|24|20.3','','','G 또는 K','','5,000 광년(~1,500 파섹)','0.53 ± 0.11 목성질량','1.0 목성반경','','?','','','OGLE-TR-111','','트랜싯법, 도플러 분광법','2002년','4.01610 일','0','88.1','','','',''),('?OGLE-TR-10?b','planet','궁수자리','RA|17|51|28','DEC|-29|52|34','','','','','1500 파섹','0.63 MJ','1.26 RJ','','','','','OGLE-TR-10','','','2004 년','3.10129 일','0','84.5 도','0.000028  초각','0.12 [Fe/H]','',''),('OGLE-2005-BLG-071Lb','planet','전갈자리','RA|17|50|09','DEC|-34|40|23','','','M?','','약 11,000 광년(약 3,300 파섹)','3.5 ± 0.3 목성질량','','','','','','OGLE-2005-BLG-071L','','미시중력렌즈법','2005년 5월 27일','','','','3.6 ± 0.2 밀리초각','','',''),('OGLE-TR-182b','planet','용골자리','RA|11|09|18.732','DEC|-61|05|42.93','','','G','','약 12,700 광년(약 3,900 파섹)','1.01 ± 0.15 MJ','1.13(+0.24, -0.08) RJ','','','','','OGLE-TR-182','','항성면 통과법','2007-10-28','3.9791 ± 1e-5 일(0.010894 년)','0','85.7 ± 0.3 도','','','0.051','0.051'),('?OGLE-2006-BLG-109Lb','planet','궁수자리','RA|17|52|35','DEC|-30|05|16','','','','','1490 파섹','0.71 MJ','- RJ','','','','','OGLE-2006-BLG-109L','','','2008 년','1825 일','-','- 도','0.001544  초각','- [Fe/H]','',''),('OGLE-2006-BLG-109Lc','planet','궁수자리','','','','','','','','0.27 MJ','- RJ','','','','','OGLE-2006-BLG-109L','','','2008 년','5100 일','0.11','59 도','0.003087  초각','- [Fe/H]','',''),('OGLE-TR-56b','planet','궁수자리','RA|17|56|35.51','DEC|-29|32|21.2','','','G?','','4,900 광년(~1,500 파섹)','1.29 ± 0.12 목성질량','1.30 ± 0.05 목성반경','','~1973 켈빈','','','OGLE-TR-56','','트랜싯법','2002년 11월 3일, 2003년 1월 4일 검증받음','1.211909 ± 0.000001 일(0.003317968 년)','0','78.8 ± 0.5 도','','','0.0225','0.0225'),('PSR B1620-26 b','planet','전갈자리','RA|16|23|38','DEC|-26|31|53','','','DB / 펄서','','12,400 광년 (3,800 파섹)','2.5 ± 1 목성질량','~0.8 목성반경','','','','','PSR B1620-26 AB','','펄서 타이밍','','36,525일','작음','55°','','','',''),('OGLE-2005-BLG-390Lb','planet','','RA|17|54|19.2','DEC|-30|22|38','','','','','21,500 광년','0.018 목성질량(5.5 지구질량)','','','~50 켈빈','','','OGLE-2005-BLG-390L','','미시중력렌즈 효과','','','','','','','',''),('OGLE-2003-BLG-235Lb','planet','궁수자리','RA|18|05|16.35','DEC|-28|53|42.0','19.7','','K','','19000 광년(~5800 파섹)','2.6(＋0.8, -0.6) MJ','','','','','','OGLE-2003-BLG-235L','','미시중력렌즈법','2004-04-15','','','','','','',''),('MOA-2007-BLG-192Lb','planet','궁수자리','RA|18|08|04','DEC|-27|09|00','','','','','3000±1000 광년(1000±400 광년)','3.3+4.9?1.6 지구질량','','','','','','MOA-2007-BLG-192L','','미시중력렌즈관측법','2008년 5월 30일','','','','0.62+0.22?0.16 밀리초각','','',''),('MOA-2007-BLG-400Lb','planet','궁수자리','RA|18|09|42','DEC|-29|13|27','','','K2 V?','','20000 광년(6000 파섹)','0.9 ± 0.4 목성질량','','','','','','MOA-2007-BLG-400L','','미시중력렌즈법','2008년 9월 18일','','','','0.85 ± 0.25','','',''),('OGLE2-TR-L9b','planet','용골자리','RA|11|07|55','DEC|-61|08|46','','','F3','','2935 광년(900 파섹)','4.5 ± 1.5 목성질량','1.61 ± 0.04  목성반경','','','','','OGLE2-TR-L9','','트랜싯법','2008년 12월 2일','2.4855335 ± 0.0000007 일','','','','','',''),('NGC 2423-3 b','planet','고물자리','RA|07|37|09','DEC|-13|54|24','','','K-M III','','2498 광년(766 파섹)','10.6 목성질량','','','','','','NGC 2423-3','','도플러 분광법','2007년 6월 21일','714.3 ± 5.3 일','0.21 ± 0.07','','2.742 밀리초각','','1.66','2.54'),('OGLE-2005-BLG-169Lb','planet','궁수자리','RA|18|06|05','DEC|-30|43|57','','','M?','','8,800 광년(2,700 파섹)','0.041 목성질량(13 지구질량)','~0.345  목성반경(~3.75 지구반경)','','~70 켈빈','','','OGLE-2005-BLG-169L','','미시중력렌즈법','2006년 3월 10일','','','','2.7','','',''),('MOA-2008-BLG-310Lb','planet','전갈자리','RA|17|54|14.53','DEC|-34|46|41.0','23.38','','차가운 K형?','','>20000 광년(>6000 파섹)','0.23 ± 0.05 목성질량','','','','','','MOA-2008-BLG-310L','','미시중력렌즈 관측법','2009-08-04','','','','','','',''),('글리제 581?c','planet','천칭자리','RA|15|19|26','DEC|-07|43|20','10.55','','','','6.26 파섹','0.0158 MJ','- RJ','','','','','글리제 581','','','2007 년','12.932 일','0.16','- 도','0.011661  초각','-0.33 [Fe/H]','',''),('글리제 581?d','planet','천칭자리','RA|15|19|26','DEC|-07|43|20','10.55','','','','6.26 파섹','0.0243 MJ','- RJ','','','','','글리제 581','','','2007 년','66.8 ± 0.14 일','0.38 ± 0.09','- 도','0.039936  초각','-0.33 [Fe/H]','',''),('페가수스자리 51 b','planet','페가수스자리','RA|22|57|27','DEC|20|46|07','5.49','','','','14.7 파섹','0.468 MJ','- RJ','','','','','페가수스자리 51','','','1995 년','4.23077 일','0','- 도','0.003537  초각','0.2 [Fe/H]','',''),('?WASP-1?b','planet','안드로메다자리','RA|00|20|40','DEC|31|59|24','11.79','','','','','0.89 MJ','1.358 RJ','','','','','WASP-1','','','2006 년','2.51997 일','0','83.9 도','- 초각','- [Fe/H]','',''),('?WASP-2?b','planet','돌고래자리','RA|20|30|54','DEC|06|25|46','11.98','','','','144 파섹','0.914 MJ','1.017 RJ','','','','','WASP-2','','','2006 년','2.152226 일','0','84.8 도','0.000218  초각','- [Fe/H]','',''),('안드로메다자리 웁실론?b','planet','안드로메다자리','RA|01|36|48','DEC|41|24|38','4.09','','','','13.47 파섹','0.69 MJ','- RJ','','','','','안드로메다자리 웁실론','','','1996 년','4.61708 일','0.029','>?30 도','0.004380  초각','0.09 [Fe/H]','',''),('?WASP-3?b','planet','거문고자리','RA|18|34|32','DEC|35|39|42','10.64','','','','223 파섹','1.76 MJ','1.31 RJ','','','','','WASP-3','','','2007 년','1.846834 일','0','85.06 도','0.000142  초각','0 [Fe/H]','',''),('에리다누스자리 엡실론?b','planet','에리다누스자리','RA|03|32|55','DEC|-09|27|29','3.73','','','','3.2 파섹','1.55 MJ','- RJ','','','','','에리다누스자리 엡실론','','','2000 년','2502 일','0.702','30.1 도','1.059375  초각','-0.1 [Fe/H]','',''),('?XO-3?b','planet','기린자리','RA|04|21|53','DEC|57|49|01','9.8','','','','260 파섹','11.79 MJ','1.217 RJ','','','','','XO-3','','','2007 년','3.1915239 일','0.26','84.2 도','0.000175  초각','-0.177 [Fe/H]','',''),('?XO-2?b','planet','살쾡이자리','RA|07|48|07','DEC|50|13|33','11.18','','','','149 파섹','0.57 MJ','0.973 RJ','','','','','XO-2','','','2007 년','2.615838 일','0','>?88.58 도','0.000248  초각','0.45 [Fe/H]','',''),('?글리제 436?b','planet','사자자리','RA|11|42|11','DEC|26|42|23','10.68','','','','10.2 파섹','0.072 MJ','0.438 RJ','','','','','글리제 436','','','2004 년','2.643904 일','0.15','85.8 도','0.002816  초각','-0.32 [Fe/H]','',''),('?XO-1?b','planet','북쪽왕관자리','RA|16|02|12','DEC|28|10|11','11.3','','','','200 파섹','0.9 MJ','1.184 RJ','','','','','XO-1','','','2006 년','3.941534 일','0','89.31 도','0.000244  초각','- [Fe/H]','',''),('?TrES-3b?','planet','허큘리스자리','RA|17|52|07','DEC|37|32|46','12.4','','','','','1.92 MJ','1.295 RJ','','','','','GSC 03089-00929','','','2007 년','1.30619 일','0','82.15 도','- 초각','-0.19 [Fe/H]','',''),('?TrES-4b?','planet','허큘리스자리','RA|17|53|13','DEC|37|12|42','11.592','','','','440 파섹','0.919 MJ','1.799 RJ','','','','','','','','2007 년','3.553945 일','0','82.86 도','0.000116  초각','0.14 [Fe/H]','',''),('?SWEEPS-04?','planet','궁수자리','RA|17|58|54','DEC|-29|11|21','18.8','','','','2000 파섹','?87 도','','','','','','SWEEPS J175853.92?291120.6','','','2006 년','','','','0.000028  초각','- [Fe/H]','',''),('?SWEEPS-11?','planet','궁수자리','RA|17|59|03','DEC|-29|11|54','19.83','','','','2000 파섹','9.7 MJ','1.13 RJ','','','','','SWEEPS J175902.67?291153.5','','','2006 년','1.796 일','','>?84 도','0.000015  초각','- [Fe/H]','',''),('?TrES-1b?','planet','거문고자리','RA|19|04|09','DEC|36|37|57','11.79','','','','157 파섹','0.61 MJ','1.081 RJ','','','','','GSC 02652-01324','','','2004 년','3.0300737 일','0','88.4 도','0.000250  초각','0.001 [Fe/H]','',''),('?TrES-2b?','planet','용자리','RA|19|07|14','DEC|49|18|59','11.41','','','','220 파섹','1.199 MJ','1.272 RJ','','','','','GSC 03549-02811','','','2006 년','2.470621 일','0','83.62 도','0.000162  초각','-0.15 [Fe/H]','',''),('?WASP-7?b','planet','현미경자리','RA|20|44|10','DEC|-39|13|31','9.51','','','','140 파섹','0.96 MJ','0.915 RJ','','','','','WASP-7','','','2008 년','4.954658 일','0','89.6 도','0.000441  초각','0 [Fe/H]','',''),('WASP-10?b','planet','페가수스자리','RA|23|15|58','DEC|31|27|46','12.7','','','','90 파섹','3.06 MJ','1.08 RJ','','','','','WASP-10','','','2008 년','3.0927616 일','0.057','86.8 도','0.000412  초각','0.03 [Fe/H]','',''),('?WASP-4?b','planet','봉황새자리','RA|23|34|15','DEC|-42|03|41','12.6','','','','300 파섹','1.1215 MJ','1.416 RJ','','','','','WASP-4','','','2007 년','1.3382282 일','0','89.35 도','0.000077  초각','0 [Fe/H]','',''),('?WASP-5?b','planet','봉황자리','RA|23|57|24','DEC|-41|16|38','12.26','','','','297 파섹','1.58 MJ','1.09 RJ','','','','','WASP-5','','','2007 년','1.6284296 일','0','>?85 도','0.000090  초각','0 [Fe/H]','',''),('?WASP-6?b','planet','','','','12.4','','','','307 파섹','0.503 MJ','1.224 RJ','','','','','WASP-6','','','2008 년','3.361006 일','0.054','88.47 도','0.000137  초각','- [Fe/H]','',''),('?WASP-8?b','planet','','','','9.9','','','','49 파섹','2.23 MJ','1.17 RJ','','','','','WASP-8','','','2008 년','8.16 일','','','0.001618  초각','- [Fe/H]','',''),('?WASP-9?b','planet','','','','10.2','','','','150 파섹','2.3 MJ','1.3 RJ','','','','','WASP-9','','','2008 년','1.99 일','','','0.000207  초각','- [Fe/H]','',''),('WASP-11b/HAT-P-10b','planet','페르세우스자리','RA|03|09|29','DEC|30|40|25','11.89','','','','125 파섹','0.46 MJ','1.045 RJ','','','','','WASP-11/HAT-P-10','','','2008 년','3.722469 일','0','88.5 도','0.000351  초각','0.13 [Fe/H]','',''),('?WASP-12?b','planet','','RA|06|30|33','DEC|29|40|20','11.69','','','','267 파섹','1.41 MJ','1.79 RJ','','','','','WASP-12','','','2008 년','1.091423 일','0.049','83.1 도','0.000086  초각','0.3 [Fe/H]','',''),('?WASP-13?b','planet','','','','10.7','','','','156 파섹','0.37 MJ','1.03 RJ','','','','','WASP-13','','','2008 년','4.35 일','','','0.000335  초각','- [Fe/H]','',''),('?WASP-15?b','planet','','RA|13|55|43','DEC|-32|09|35','10.9','','','','308 파섹','0.542 MJ','1.428 RJ','','','','','WASP-15','','','2008 년','3.7520656 일','0','85.5 도','0.000162  초각','-0.17 [Fe/H]','',''),('글리제 3021?b','planet','물뱀자리','RA|00|16|12','DEC|-79|51|04','6.59','','','','17.62 파섹','3.32 MJ','- RJ','','','','','글리제 3021','','','2000 년','133.82 일','0.505','- 도','0.027809  초각','0.2 [Fe/H]','',''),('?HD 3651?b','planet','물고기자리','RA|00|39|21','DEC|21|15|01','5.8','','','','11 파섹','0.2 MJ','- RJ','','','','','HD 3651','','','2003 년','62.23 일','0.63','- 도','0.025818  초각','0.05 [Fe/H]','',''),('안드로메다자리 웁실론 c','planet','안드로메다자리','RA|01|36|48','DEC|41|24|38','4.09','','','','13.47 파섹','1.98 MJ','- RJ','','','','','안드로메다자리 웁실론','','','1999 년','241.52 일','0.254','- 도','0.061618  초각','0.09 [Fe/H]','',''),('안드로메다자리 웁실론 d','planet','안드로메다자리','RA|01|36|48','DEC|41|24|38','4.09','','','','13.47 파섹','3.95 MJ','- RJ','','','','','안드로메다자리 웁실론','','','1999 년','1274.6 일','0.242','- 도','0.186340  초각','0.09 [Fe/H]','',''),('?HD 10697?b','planet','물고기자리','RA|01|44|55','DEC|20|04|59','6.29','','','','32.56 파섹','6.12 MJ','- RJ','','','','','HD 10697','','','1999년 11월 14일','1077.906 일','0.11','- 도','0.065418  초각','0.1 [Fe/H]','',''),('?HD 11977?b','planet','물뱀자리','RA|01|54|56','DEC|-67|38|50','4.7','','','','66.5 파섹','6.54 MJ','- RJ','','','','','HD 11977','','','2005 년','711 일','0.4','- 도','0.029023  초각','-0.21 [Fe/H]','',''),('글리제 86 b','planet','에리다누스자리','RA|02|10|14','DEC|-50|50|00','','','K1 V','','35.9 광년(11 파섹)','>3.91 목성질량','','','','','','글리제 86','','도플러 분광법','1998-11-24','15.76491 ± 0.00039 일','0.0416 ± 0.0072','','','','',''),('?HD 219449?b','planet','물병자리','RA|23|15|53','DEC|-09|05|15','4.21','','','','45 파섹','2.9 MJ','- RJ','','','','','HD 219449','','','2003 년','182 일','-','- 도','0.006667  초각','-0.085 [Fe/H]','',''),('글리제 849 b','planet','물병자리','RA|22|9|40.3460','DEC|-4|38|26.624','10.42','','M3.5 V','','28.618 ± 0.7 광년(8.774 ± 0.2 파섹)','0.82 목성질량(260 지구질량)','~0.974 목성반경(~10.9 지구반경)','','~72 켈빈','','','글리제 849','','도플러 분광법','2006년 8월','1890 ± 130 일(5.17 년)','0.06 ± 0.09','','267.039 밀리초각','','2.20','2.50'),('목동자리 타우?b','planet','목동자리','RA|13|47|17','DEC|17|27|22','4.5','','','','15 파섹','3.9 MJ','- RJ','','','','','목동자리 타우','','','1996 년','3.3135 일','0.018','- 도','0.003067  초각','0.28 [Fe/H]','',''),('?HD 62509?b','planet','쌍둥이자리','RA|07|45|18','DEC|28|01|34','1.15','','','','10.34 파섹','2.9 MJ','- RJ','','','','','폴룩스','','','2006 년','589.64 일','0.02','- 도','0.163443  초각','0.19 [Fe/H]','',''),('포말하우트 b','planet','남쪽물고기자리','RA|22|57|39.1','DEC|-29|37|20','1.16','','A3V','','25 ± 1 광년(7.66 ± 0.04 파섹)','0.054 - 3 MJ','','','','','','포말하우트','','직접 촬영','2008-11-13','872 년','~0.11','~66°','','','~102 AU','~128 AU'),('에리다누스자리 엡실론 c','planet','에리다누스자리','RA|03|32|55.8442','DEC|-09|27|29.744','','','K2 V','','10.5 광년 (3.218 파섹)','0.1 MJ','','','33 K','','','에리다누스자리 엡실론','','먼지 원반 분석','2002-10-25','~280 년','~0.3','','','','',''),('글리제 876 b','planet','물병자리','RA|22|53|16.73','DEC|-14|15|49.3','','','M3.5V','','15.3 광년(4.7 파섹)','>1.93-2.4 MJG','','','','','','글리제 876','','시선 속도','1998-06-23','0.1668446 년','0.029 ± 0.005','~66°','','','0.201968 AU','0.214 AU'),('글리제 876 c','planet','물병자리','RA|22|53|16.73','DEC|-14|15|49.3','','','M3.5V','','15.3 광년(4.7 파섹)','>0.619 ± 0.088 MJ','0.952 목성반경','','','','','글리제 876','','시선 속도','2001-04-04','30.340 ± 0.013 일','0.2243 ± 0.0013','','','','0.10107371 AU','0.15952629 AU'),('글리제 876 d','planet','물병자리','RA|22|53|16.73','DEC|-14|15|49.3','','','M3.5V','','15.3 광년(4.7 파섹)','>5.88±0.99 ME','','','','','','글리제 876','','도플러 분광 기법','2005-06-13','1.937760 ± 0.000070 년','0','','','','',''),('글리제 581 b','planet','천칭자리','RA|15|19|26','DEC|-07|43|20','','','M3 V','','20.3 광년(6.2 파섹)','>>0.0492 MJ','','','','','','글리제 581','','도플러 분광법','2005-08-22 2005-11-30에 공표됨','5.3683 ± 0.0003 일','0.2243 ± 0.0013','','','','',''),('글리제 777 b','planet','고니자리','RA|20|03|37.41','DEC|29|53|48.50','','','G6 IV','','51.81 광년','1.502 ± 0.13 MJ','','','','','','글리제 777A','','도플러 분광법','2002-06-19','2891 ± 85 일','0.36 ± 0.03','','','','',''),('글리제 777 c','planet','고니자리','RA|20|03|37.41','DEC|29|53|48.50','','','G 6IV','','51.81 광년','0.057 MJ','','','~717 켈빈','','','글리제 777A','','도플러 분광법','2005-06-24','17.1 ± 0.015 일','0.01 ± 0.1','?','','','',''),('제단자리 뮤 c','planet','제단자리','RA|17|44|08.7','DEC|-51|50|03','','','G3IV?V','','49.8 광년 (15.3 파섹)','0.03321 MJ(10.55 ME','','','','','','제단자리 뮤','','HARPS','2004-08-25','9.6386 ± 0.0015 일','0.172 ± 0.040','','','','',''),('게자리 55 e','planet','게자리','RA|08|52|35.8','DEC|28|19|51','','','astro-ph','','40.9 광년 (12.5 파섹)','>0.034 ± 0.0036 목성질량 (>10.8 ± 1.1 지구질량)','','','','','','게자리 55 A','','시선속도법','2004-08-31','2.81705 ± 0.0001','0.07 ± 0.06','','','','',''),('게자리 55 b','planet','게자리','RA|08|52|35.8','DEC|28|19|51','','','G8 V','','40.9 광년 (12.5 파섹)','>0.824 ± 0.007 목성질량','','','','','','게자리 55 A','','시선 속도','1996-04-12','14.65162 ± 0.0007','0.014 ± 0.008','','','','',''),('게자리 55 c','planet','게자리','RA|08|52|35.8','DEC|28|19|51','','','G8 V','','40.9 광년 (12.5 파섹)','>0.169 ± 0.008 목성질량','','','','','','게자리 55 A','','시선 속도','2002-06-13','44.3446 ± 0.007 일','0.086 ± 0.052','','','','',''),('게자리 55 f','planet','게자리','RA|08|52|35.8','DEC|28|19|51','','','G8 V','','12.5 광년','>0.144 ± 0.04 목성질량','','','','','','게자리 55 A','','도플러 분광법','2005년 4월 11일 (공식 발표일) 2007년 11월 6일 (출판일)','260.00 ± 1.1 일','0.2 ± 0.2','','','','',''),('게자리 55 d','planet','게자리','RA|08|52|35.8','DEC|28|19|51','','','G8 V','','40.9 광년 (12.5 파섹)','>3.835 ± 0.08 목성질량','','','','','','게자리 55 A','','시선 속도법','2002-06-13','5218 ± 230','0.025 ± 0.03','','','','430',''),('용자리 이오타 b','planet','용자리','RA|15|24|55.7747','DEC|58|57|57.836','3.31','','K2 III','','102.7 광년 (31.5 파섹)','>8.82 ± 0.72 목성질량','','','','','','용자리 이오타','','도플러 분광법','2002년 1월 8일','511.098 ± 0.089일 (1.4년)','0.7124 ± 0.0039','','','','',''),('큰곰자리 47 b','planet','큰곰자리','RA|10|59|28.0','DEC|40|25|49','','','G1 V','','45.9광년(14.1파섹)','>2.62MJ','','','','','','큰곰자리 47','','도플러 분광법','1996-01-17','1095.0 ± 2.9일','0','','','','',''),('처녀자리 HW c','planet','처녀자리','RA|12|44|20.2367','DEC|-08|40|16.837','10.9','','sdB+M? V','','590 ± 65 광년(181 ± 20 파섹)','8.47 ± 0.42 MJ','','','','','','처녀자리 HW','','식쌍성의 극심시각 분석법','2008년 11월 24일','3320 ± 80 일','0.31 ± 0.15','','','','2.50','4.74'),('글리제 581 e','planet','천칭자리','RA|15|19|26','DEC|-07|43|20','','','M3 V','','20.3 광년(6.2 파섹)','>>1.94 ME','','','','','','글리제 581','','시선 속도법','','3.14942 ± 0.00045 일','0','','','','',''),('아인 b','planet','황소자리','RA|04|28|37.0','DEC|19|10|49','3.53','','','','155 ± 6 광년(48 ± 2 파섹)','> 7.6 ± 0.2 MJ','','','','','','아인','','도플러 분광법','2007년 2월 7일','645.5 ± 5.3 일','0.151 ± 0.023','','','0.17 ± 0.04 [Fe/H]','',''),('처녀자리 70 b','planet','처녀자리','RA|13|28|25.8','DEC|13|46|43.5','5.00','','','','59.1 광년(18.1 파섹)','7.49 ± 0.61 MJ','','','','','','처녀자리 70','','','1996년 1월 17일','116.6884 ± 0.0044 일','0.4007 ± 0.0035','','','','',''),('알데바란 b','planet','황소자리','RA|04|35|55.2','DEC|16|30|33','0.85','','K5 III','','65 광년(20 파섹)','11 목성질량','','','','','','알데바란','','도플러 분광법','1997년','653.8 일','0.182','','','','',''),('고래자리 79 b','planet','고래자리','RA|02|35|19.9283','DEC|-03|33|38.167','','','G5 IV','','117.1 광년(35.91 파섹)','0.260±0.028 목성질량','','','','','','고래자리 79','','도플러 분광법','2000-03-29','75.523±0.055 일','0.252±0.052','','','','',''),('고래자리 81 b','planet','고래자리','RA|02|37|41.8003','DEC|-03|23|46.229','5.65','','G5 III','','317 광년(97.2 파섹)','5.3 목성질량','~0.932 목성반경','','~527 켈빈','','','고래자리 81','','도플러 분광법','2008년 7월 3일','952.7 ± 8.8 일(2.608 년)','0.206 ± 0.029','','','','2.0','3.0'),('용자리 42 b','planet','용자리','RA|18|25|59.1381','DEC|65|33|48.530','4.833','','K1.5 III','','317.4 ± 16 광년(97.3 ± 5 파섹)','3.88 ± 0.85 목성질량','','','','','','용자리 42','','도플러 효과','2009-03-20','479.1 ± 6.2 일 (1.312 ± 0.017 년)','0.38 ± 0.06','?','','','0.74','1.64'),('천칭자리 23 b','planet','천칭자리','RA|15|13|28','DEC|-25|18|33','','','G5 V','','81 광년(25 파섹)','1.62 ± 0.13 MJ','1.05 목성반경','','','','','천칭자리 23','','도플러 효과','2000-06-20','258.31 ± 0.16 일','0.243 ± 0.011','','','','',''),('고래자리 94 b','planet','고래자리','RA|03|12|46','DEC|-01|11|45','5.07','','F8 V','','72.96 광년(22.38 파섹)','> 1.69 ± 0.26 MJ','','','','','','고래자리 94 A','','도플러 분광법','','454 ± 19 일','0.2','','','','',''),('고니자리 16 Bb','planet','고니자리','RA|19|41|51.9720','DEC|50|31|03.083','','','G2.5 Vb','','70.5 광년(21.6 파섹)','1.68 ± 0.15 목성질량','','','','','','고니자리 16 B','','도플러 효과','1996-10-22','798.5 ± 1.0 일','0.681 ± 0.017','','','','',''),('북쪽왕관자리 로 b','planet','북쪽왕관자리','RA|16|01|02.6616','DEC|33|18|12.634','5.4','','G0~2 Va','','56.8 ± 0.7광년(17.4 ± 0.2파섹)','1.093 ± 0.098 목성질량','','','~627 켈빈','','','북쪽왕관자리 로','','시선속도법','','39.8449 ± 0.0063일','0.057 ± 0.028','','','','',''),('허큘리스자리 14 b','planet','허큘리스자리','RA|16|10|23.59','DEC|43|49|18.2','6.67','','K0 V','','59.0 광년(18.1 파섹)','4.64 ± 0.19 목성질량','','','','','','허큘리스자리 14','','도플러 분광법','1998-07-06','1773.4 ± 2.5 일','0.369 ± 0.005','','','','',''),('시계자리 이오타 b','planet','시계자리','RA|02|42|31.65','DEC|-50|48|12.29','5.4','','G0 Vp','','50.6 광년(16.8 파섹)','2.24 ± 0.13 목성질량','','','','','','시계자리 이오타','','시선속도법','','311.3 ± 1.3 일','0.22 ± 0.06','','','','',''),('VB 10b','planet','독수리자리','RA|19|16|57.62','DEC|05|09|02.2','17.30','','M8 V','','19.85 광년(6.09 파섹)','','','','','','','VB 10','','','','','','','','','',''),('WASP-14b','planet','목동자리','RA|14|33|06','DEC|21|53|41','9.75','','F5 V','','520±245 광년(160±75 파섹)','7.725(+0.43, -0.67) 목성질량','1.259(+0.08, -0.058)  목성반경','','2800 켈빈','','','WASP-14','','트랜싯법','2008년 4월 1일','2.243756(+5E-6, -1E-6) 일','0.095(+0.004, -0.007)','84.79(+0.52, -0.67)','','','0.033','0.041'),('XO-4b','planet','살쾡이자리','RA|07|21|33.1657','DEC|58|16|05.005','','','F5 V','','956 ± 62 광년(293 ± 19 파섹)','1.72 ± 0.2 목성질량','1.34 ± 0.048  목성반경','','~1333 켈빈','','','XO-4','','트랜싯법','2008년 5월 19일','4.12502 ± 2e-5 일(0.011293 년)','0.0024','88.7 ± 1.1','0.189 밀리초각','','0.0554','0.0556'),('XO-5b','planet','살쾡이자리','RA|07|46|51.959','DEC|39|05|40.47','12.1','','G8 V','','831 ± 42 광년(255 ± 13 파섹)','1.15 ± 0.08 목성질량','1.15 ± 0.12  목성반경','','~1140 켈빈','','','XO-5','','트랜싯법','2008년 5월 19일','4.187732 ± 0.00002 일','0.0029','86.8 ± 0.9','0.19 밀리초각','','0.0507','0.0509'),('독수리자리 크시 b','planet','독수리자리','RA|19|54|15','DEC|08|27|41','4.72','','G9 IIIb','','205 ± 13 광년(62.7 ± 3.9 파섹)','2.8 목성질량','~1.058  목성반경','','~882 켈빈','','','독수리자리 크시','','도플러 분광법','2008년 2월 19일','136.75 (± 0.25) 일(0.37439 년)','0','','','','',''),('안드로메다자리 14 b','planet','안드로메다자리','RA|23|31|17.4139','DEC|39|14|10.313','5.22','','K0 III','','249.19 ± 13.4 광년(76.40 ± 4.1 파섹)','4.8 목성질량','~0.994  목성반경','','~779 켈빈','','','안드로메다자리 14','','도플러 분광법','2008년 7월 3일','185.84 일(0.50879 년)','0.0094','','11 밀리초각','','0.82','0.84'),('돌고래자리 18 b','planet','돌고래자리','RA|20|58|26','DEC|10|50|21','5.52','','G6 III','','238 ± 11 광년(73.1 ± 3.5 파섹)','10.3 목성질량','~0.758  목성반경','','~400 켈빈','','','돌고래자리 18','','도플러 분광법','2008년 2월 18일','993.3 ± 3.2 일','0.08 ± 0.01','','','','',''),('살쾡이자리 41 b','planet','큰곰자리','RA|09|28|40','DEC|45|36|05','5.41','','K0 III ~ IV','','287.9 ± 26 광년(88.26 ± 8 파섹)','2.7 목성질량(860 지구질량)','~1.060  목성반경(11.87 지구반경)','','~841 켈빈','','','살쾡이자리 41','','도플러 분광법','2008년 2월 19일','184.02 ± 0.18 일(0.50381 년)','0','','','','0.81','0.81'),('살쾡이자리 6 b','planet','살쾡이자리','RA|06|30|47.1081','DEC|58|09|45.480','5.86','','K0 IV','','186 ± 8.2 광년(56.9 ± 2.5 파섹)','2.4 목성질량','~1.015  목성반경','','~340 켈빈','','','살쾡이자리 6','','도플러 분광법','2008년 7월 3일','899 ± 19 일(2.46 년)','0.134 ± 0.052','','39 밀리초각','','1.9','2.5'),('글리제 832 b','planet','인디언자리','RA|21|33|33.9752','DEC|-49|00|32.422','','','M1.5 V','','16.10 광년(4.938 파섹)','>0.64 ± 0.06 목성질량','1.05  목성반경','','','','','글리제 832','','도플러 분광법','2008년 9월 1일','3416 ± 131 일(9.352 년)','0.12 ± 0.11','','690 밀리초각','','3.0','3.8'),('큰곰자리 4 b','planet','큰곰자리','RA|08|40|12.8','DEC|64|19|40','','','K1+IIIb','','252 광년(77 파섹)','>7.1 ± 1.6 목성질량','>0.95  목성반경','','','','','큰곰자리 4','','도플러 분광법','2007년 3월 28일','269.3 ± 1.96 일','0.432 ± 0.024','','13.945 밀리초각','','',''),('글리제 176 b','planet','황소자리','RA|04|42|55.7768','DEC|18|57|29.417','','','M2.5 V','','30.7 광년(9.4 파섹)','8.4 지구질량','','','~450 켈빈','','','글리제 176','','시선속도법','2007년 9월 7일','8.7836±.0054','0','','','','',''),('글리제 317 b','planet','나침반자리','RA|08|40|59.21','DEC|-23|27|22.6','12','','M3.5 V','','29.9 광년(9.17 파섹)','1.2 목성질량','','','','','','글리제 317','','도플러 분광법','2007년 7월 6일','692.9 ± 4 일(1.9 ± 1.1 년)','0.193 ± 0.06','','103.599 밀리초각','','',''),('글리제 674 b','planet','제단자리','RA|17|28|39.9463','DEC|-46|53|42.685','9.38','','M3 V','','14.8 ± 0.1 광년(4.54 ± 0.03 파섹)','0.037 목성질량(11.8 지구질량)','','','','','','글리제 674','','HARPS','2007년 1월 7일','4.6938 ± 0.007 일(0.012851 년)','0.2 ± 0.02','','','','0.031','0.047'),('북쪽왕관자리 카파 b','planet','북쪽왕관자리','RA|15|51|13.9315','DEC|35|39|26.575','4.79','','K1 IVa','','101.51 광년(31.12 파섹)','1.8 목성질량(570 지구질량)','~1.174  목성반경(12.75 지구반경)','','~279 켈빈','','','북쪽왕관자리 카파','','시선 속도법','2007년 9월 20일, 2007년 11월 28일 공식 발표','1208 ± 14 일(3.307 년)','0.146 ± 0.08','','87 밀리초각','','2.29','3.07'),('이리자리-TR-3b','planet','이리자리','RA|15|30|18.67','DEC|-42|58|41.5','','','K1V','','8950 광년(2744 파섹)','0.81 ± 0.18 목성질량','0.89 ± 0.07  목성반경','','','','','이리자리-TR-3','','트랜싯법','2007년 11월 12일','3.91405 ± 4e-5 일','0','88.3+1.3-0.8','','','',''),('페가수스자리 V391 b','planet','페가수스자리','RA|22|04|12.2','DEC|26|25|08','','','sdB','','4570 광년(1400 파섹)','>3.2±0.7 목성질량','','','','','','페가수스자리 V391','','변광 타이밍법','2007년 3~9월','1170±44 일','0','','1.214 밀리초각','','',''),('제단자리 뮤 d','planet','제단자리','RA|17|44|08.7','DEC|-51|50|03','5.15','','G3 IV ~ V','','50.6 광년(15.51 파섹)','0.5219 목성질량(165.9 지구질량)','','','','','','제단자리 뮤','','도플러 분광법','2006년 8월 5일','310.55 ± 0.83 일','0.0666 ± 0.0122','','','','',''),('허큘리스자리 14 c','planet','허큘리스자리','RA|16|10|23.59','DEC|43|49|18.2','6.67','','K0 V','','59.0 광년(18.1 파섹)','2.1 목성질량','1.03 목성반경','','','','','허큘리스자리 14','','도플러 분광법','2005년 11월 17일, 2006년 11월 2일 논문 출판됨','6906 ± 70 일','0','','380 밀리초각','','',''),('사자자리 83 Bb','planet','사자자리','RA|11|26|45.32','DEC|3|0|47.18','','','K2 V','','57.61 광년(17.67 파섹)','0.109 ± 0.013','','','~552 켈빈','','','사자자리 83 B','','도플러 분광법','2005년 1월 25일','17.0431 ± 0.047 일','0.254 ± 0.092','','6.844','','',''),('제단자리 뮤 e','planet','제단자리','RA|17|44|08.7','DEC|-51|50|03','5.15','','G3 IV ~ V','','50.6 광년(15.51 파섹)','1.814 목성질량(576.5 지구질량)','','','','','','제단자리 뮤','','시선속도법','2002년 6월 13일','4205.8 ± 758.9 일(11.51 년)','0.0985 ± 0.0627','','','','',''),('인디언자리 로 b','planet','','','','','','','','','>2.26 MJ','','','','','','','','도플러 분광법','','1353±25 일(3.704 년)','0.319±0.025','?','95.698 밀리초각','','1.727 AU','3.345 AU'),('두루미자리 타우1 b','planet','두루미자리','RA|22|53|37.9315','DEC|-48|35|53.828','','','G0 V','','108.58 광년(33.29 파섹)','>1.26 목성질량','~1.012 목성반경','','~218 켈빈','','','두루미자리 타우1','','도플러 분광법','2002년 9월 17일','1311 ± 49 일','0.0703±0.0781','','','','',''),('큰곰자리 47 c','planet','큰곰자리','RA|10|59|28.0','DEC|40|25|49','5.1','','G1 V','','45.9 광년(14.1 파섹)','0.460 목성질량','','','','','','큰곰자리 47','','도플러 분광법','2001-08-15 (발견), 2002-03-19 (공식 인정)','2190 ± 460','0.220 ± 0.028','','','','',''),('테이블산자리 파이 b','planet','테이블산자리','RA|05|37|09.89','DEC|-80|28|08.84','','','G1 IV','','59.39 광년(18.21 파섹)','10.27 ± 0.84 목성질량(3,260 지구질량)','','','','','','테이블산자리 파이','','도플러 분광법','2001년 10월 15일','2151 ± 85 일(5.89 ± 0.23 년)','0.6405±0.0072','','','','',''),('그물자리 엡실론 b','planet','','RA|4|16|29.03','DEC|-59|18|07.76','4.44','','K2 IVa','','59.45 광년(18.23 파섹)','1.56±0.14 목성질량','','','','','','그물자리 엡실론 A','','도플러 분광법','2000-12-16','428.1±1.1 일','0.060±0.043','','','','',''),('제단자리 뮤 b','planet','제단자리','RA|17|44|08.7','DEC|-51|50|03','5.15','','G3 IV ~ V','','50.6 광년(15.51 파섹)','1.676 목성질량(532.6 지구질량)','','','','','','제단자리 뮤','','도플러 분광법','2000년 12월 12일','643.25 ± 0.90 일(1.76 년)','0.128','','','','',''),('세페우스자리 감마 Ab','planet','세페우스자리','RA|23|39|20.8','DEC|77|37|56','3.22','','K1 IVe','','44.9 ± 0.3 광년(13.76 ± 0.08 파섹)','1.60 ± 0.13 목성질량','','','','','','세페우스자리 감마 A','','도플러 분광법','1988년 7월 13일(최초 예측), 2002년 9월 24일(검증)','902.9 ± 3.5 일(2.472 ± 0.010 년)','0.115 ± 0.058','','','','',''),('이리자리 GQ b','planet','이리자리','RA|15|49|12.144','DEC|-35|39|03.95','','','K7 V','','500 광년(~160 파섹)','1 - 36 목성질량','3.0 ± 0.5 태양반경','','2650 ± 100 켈빈','','','이리자리 GQ','','사진촬영','2005-04','','','','','','',''),('WASP-17b','planet','전갈자리','RA|15|59|51','DEC|-28|03|42','11.6','','F6 V','','1000 광년(300 파섹)','0.49 목성질량','1.74 (?0.23+0.26) 목성반경','','','','','WASP-17','','트랜싯법','2009-08-11','3.7354417 일','0.129','87.8','','','',''),('처녀자리 키 b','planet','','RA|12|39|14.767','DEC|-07|59|44.03','4.66','','K2 III','','293.4 ± 7.498 광년(90 ± 2.3 파섹)','11.09 ± 1 목성질량','','','','','','처녀자리 키','','시선 속도법','2009년 7월','835.477 ± 6 일','0.462 ± 0.069','','','','1.15','3.13'),('WASP-18b','planet','봉황자리','RA|01|37|24.95','DEC|-45|40|40.8','9.29','','','','','10 목성질량','','','','','','WASP-18','','행성횡단법','2009년','0.94145299 일','','','','','',''),('작은곰자리 11 b','planet','작은곰자리','RA|15|17|05.8886','DEC|71|49|26.044','5.024','','K4 III','','389.8 ± 22.5 광년(119.5 ± 6.9 파섹)','10.5 ± 2.47 목성질량','','','','','','작은곰자리 11','','시선속도법','2009-08-12','516.22 ± 3.25 일(1.4133 ± 0.0089 년)','0.08 ± 0.03','','','','1.42','1.66'),('글리제 433 b','planet','물뱀자리','RA|11|35|26.9485','DEC|-32|32|23.900','','9.79','M1.5 V','','29.47 ± 0.49 광년(9.04 ± 0.15 파섹)','0.019 목성질량(6.0 지구질량)','','','','','','글리제 433','','시선속도법 (HARPS)','','~7 일(~0.02 년)','','','','','',''),('처녀자리 QS b','planet','처녀자리','RA|13|49|51.9503','DEC|-13|13|37.482','14.8','','DA+dme','','156.48 광년(47.98 파섹)','6.4 목성질량','','','','','','처녀자리 QS','','변광성 타이밍법','2009-11-13','7.86 년','','','','','',''),('알기에바 b','planet','사자자리','RA|10|19|58.3','DEC|19|50|30','2.28','','K0 IIIb','','125.5 광년(38.5 파섹)','8.78 목성질량','','','>400 켈빈','','','알기에바','','시선속도법','2009-11-06','429 일(1.17 년)','0.14','','','','1.02','1.36'),('글리제 1214 b','planet','뱀주인자리','RA|17|15|18.94','DEC|04|57|49.7','14.67','','M4.5 V','','40 광년(13 파섹)','','','','','','','글리제 1214','','','','1.5803925 ± 0.0000117 일(37.92942 시간)','','','','','',''),('천칭자리 23 c','planet','천칭자리','RA|15|13|28','DEC|-25|18|33','6.45','','G5 V','','83.7 광년(25.6 파섹)','0.82 ± 0.03 목성질량','','','','','','천칭자리 23','','시선속도법','2009-12-14','5000 ± 400 일(14 ± 1 년)','0.12 ± 0.02','','227 밀리초각','','5.1','6.5'),('처녀자리 61 b','planet','처녀자리','RA|13|18|24.3','DEC|-18|18|40.3','4.74','','G5 V','','27.8 ± 0.2 광년(8.52 ± 0.05 파섹)','5.1 ± 0.5 지구질량','','','','','','처녀자리 61','','시선속도법','2009-12-14','4.2150 ± 0.0006 일(0.01154 년)','0.12 ± 0.11','','','','0.044239','0.056163'),('처녀자리 61 c','planet','처녀자리','RA|13|18|24.3','DEC|-18|18|40.3','4.74','','G5 V','','27.8 ± 0.2 광년(8.52 ± 0.05 파섹)','18.2 ± 1.1 지구질량','','','','','','처녀자리 61','','시선속도법','2009-12-14','38.021 ± 0.034 일(0.10409 년)','0.14 ± 0.06','','','','0.1863','0.2487'),('처녀자리 61 d','planet','처녀자리','RA|13|18|24.3','DEC|-18|18|40.3','4.74','','G5 V','','27.8 ± 0.2 광년(8.52 ± 0.05 파섹)','22.9 ± 2.6 지구질량','','','','','','처녀자리 61','','시선속도법','2009-12-14','123.01 ± 0.55 일(0.33678 년)','0.35 ± 0.09','','','','0.311','0.640'),('WASP-19b','planet','돛자리','RA|09|53|40.07','DEC|-45|39|33.06','12.3','','G8 V','','815 광년(250 파섹)','1.15 ± 0.08 목성질량','1.31 ± 0.06 목성반경','','','','','WASP-19','','트랜싯법','2009-12-10','0.7888399 일(18.93216 시간)','0.02','80.8 ± 0.8','','','0.0161','0.0167'),('케플러-4b','planet','용자리','RA|19|2|27.7','DEC|50|8|8.7','12.6','','','','1631 광년(550 파섹)','.077 목성질량','0.357 목성반경(3.878 지구반경)','','1650 켈빈','','','케플러-4','','트랜싯법 (케플러 계획)','2010-01-04','3.2135 일','0','89.76','','','',''),('케플러-5b','planet','고니자리','RA|19|57|37.7','DEC|44|2|6.2','13.9','','','','','2.114 목성질량','1.431 목성반경(15.5457 지구반경)','','1868 켈빈','','','케플러-5','','트랜싯법 (케플러 계획)','2010-01-04','3.5485 일','0','86.3','','','',''),('케플러-6b','planet','고니자리','RA|19|47|20.9','DEC|48|14|23.8','13.8','','','','','0.669 목성질량','1.323 목성반경(14.79 지구반경)','','1500 켈빈','','','케플러-6','','트랜싯법 (케플러 계획)','2010-01-04','3.2347 일','0','86.8','','','',''),('케플러-7b','planet','거문고자리','RA|19|14|19.6','DEC|41|5|23.3','13.9','','','','','0.433 목성질량','1.478 목성반경(16.52 지구반경)','','1540 켈빈','','','케플러-7','','트랜싯법 (케플러 계획)','2010-01-04','4.8855 일','0','86.5','','','',''),('케플러-8b','planet','거문고자리','RA|18|45|9.1','DEC|42|27|3.8','13.3','','','','4338 광년(1330 파섹)','0.603 목성질량','1.419 목성반경(15.86 지구반경)','','1764 켈빈','','','케플러-8','','트랜싯법 (케플러 계획)','2010-01-04','3.5225 일','0','84.07','','','',''),('글리제 758 B','planet','거문고자리','RA|19|23|34.0','DEC|33|13|19.1','6.36','','G8 V','','50.55 광년(15.5 파섹)','20첨자|+20|-10 목성질량','','','593첨자|+44|-44 켈빈','','','글리제 758','','직접 촬영','2009-11-09','291첨자|+367|-121 년','0.69첨자|+0.17|-0.2','','','','',''),('글리제 758 C','planet','거문고자리','RA|19|23|34.0','DEC|33|13|19.1','6.36','','G8 V','','50.55 광년(15.5 파섹)','11.7-46.5 목성질량','','','631-733 켈빈','','','글리제 758','','직접 사진 촬영','2009-11-09','','','','','','',''),('양자리 30 Bb','planet','양자리','RA|02|36|57.7405','DEC|24|38|53.027','7.09','','F6 V','','128.6 ± 5.5 광년(39.4 ± 1.7 파섹)','(최소) 9.88 ± 0.94 목성질량','','','','','','양자리 30 B','','시선속도법','2009-11-27','335.1 ± 2.5 일(0.917 ± 0.007 년)','0.289 ± 0.092','','','','0.708','1.283'),('사자자리 DP b','planet','사자자리','RA|11|17|16','DEC|17|57|41','17.5','','DA / M5 V?','','1304 광년(400 파섹)','6.28 (± 0.58) 목성질량','','','','','','사자자리 DP','','통과법','2009-12-16','8693 일(23.8 년)','','','','','',''),('글리제 179 b','planet','오리온자리','RA|04|52|05.7273','DEC|06|28|35.542','11.96','','M3.5','','39.52 광년(12.12 파섹)','0.82 ± 0.07 목성질량','','','','','','글리제 179','','시선속도법','2009-11-13','2288 ± 59 일(~6.26 년)','0.21 ± 0.08','','','','1.90 ± 0.22','2.92 ± 0.24'),('글리제 649 b','planet','허큘리스자리','RA|16|58|09','DEC|25|44|39','9.62','','M1.5 V','','33.72 (± 0.49) 광년(10.34 (± 0.15) 파섹)','0.328 (± 0.032)','','','','','','글리제 649','','시선속도법','2009-12-17','598.3 (± 4.2) 일(1.638 년)','0.30 (± 0.08)','','','','0.795','1.475'),('글리제 667 Cb','planet','전갈자리','RA|17|18|58.6880','DEC|-34|59|48.337','10.2','','M1.5 V','','22.74 광년(6.97 파섹)','0.018 목성질량(5.7 지구질량)','','','','','','글리제 667 C','','시선속도법(HARPS)','2009-10-19','~7 일(~0.02 년)','','','','','',''),('글리제 676 Ab','planet','제단자리','RA|17|30|11.2042','DEC|-51|38|13.116','9.59','','M0 V','','52.6 ± 5.5 광년(16.1 ± 1.7 파섹)','4 목성질량','','','','','','글리제 676 A','','시선속도법(HARPS)','2009-10-19','~1000 일(~2.7 년)','','','','','',''),('큰곰자리 47 d','planet','큰곰자리','RA|10|59|28.0','DEC|40|25|49','5.03','','G1 V','','45.9 광년(14.06 파섹)','1.64첨자|0.29|0.48 목성질량','','','','','','큰곰자리 47','','도플러 효과 (베이지언 케플러 주기도)','2010-03-06','14002첨자|4018|5095 일(~38.33 년)','0.16첨자|0.09|0.16','','','','9.7첨자|4.1|3.2','13.4첨자|3.7|4.7'),('글리제 581 g','planet','천칭자리','RA|15|19|26','DEC|-07|43|20','10.55','','','','20.3 ± 0.3 광년(6.2 ± 0.1 파섹)','≥ 3.1 ± 0.4 지구질량','','','','','','글리제 581','','시선 속도','2010-09-29','36.562 ± 0.052 일(0.1년)','0','','','','',''),('글리제 581?f','planet','천칭자리','RA|15|19|26','DEC|-07|43|20','10.55','','','','6.26 파섹','0.023 MJ','- RJ','','','','','글리제 581','','','2010년 9월 29일','433 ± 13 일','0','- 도','초각','-0.33 [Fe/H]','',''),('안드로메다자리 웁실론 e','planet','안드로메다자리','RA|01|36|47.8','DEC|41|24|20','4.09','','','','13.49 파섹','1.28 M?','1.480 ± 0.087 R?','','','','','안드로메다자리 웁실론','','','2010 년','3848.46 ± 0.74 일','0.242','0.00536 도','','0 [Fe/H]','',''),('글리제 370 b','planet','페가수스자리','RA|09|51|07.1','DEC|-43|30|10','7.65','','K5 V','','36 광년','3.6 ± 0.5 ME','','','298 켈빈','','','글리제 370','','','','54.43 ± 0.13 일','0.11','','','','',''),('케플러-22b','planet','','','','','','','','','','2.4 RE','','','','','케플러-22','','','','289.9 일','','','','','','');
/*!40000 ALTER TABLE `stars` ENABLE KEYS */;
UNLOCK TABLES;
/*!40103 SET TIME_ZONE=@OLD_TIME_ZONE */;

/*!40101 SET SQL_MODE=@OLD_SQL_MODE */;
/*!40014 SET FOREIGN_KEY_CHECKS=@OLD_FOREIGN_KEY_CHECKS */;
/*!40014 SET UNIQUE_CHECKS=@OLD_UNIQUE_CHECKS */;
/*!40101 SET CHARACTER_SET_CLIENT=@OLD_CHARACTER_SET_CLIENT */;
/*!40101 SET CHARACTER_SET_RESULTS=@OLD_CHARACTER_SET_RESULTS */;
/*!40101 SET COLLATION_CONNECTION=@OLD_COLLATION_CONNECTION */;
/*!40111 SET SQL_NOTES=@OLD_SQL_NOTES */;

-- Dump completed on 2012-08-07 15:44:42
